"FindDbtNum","cidutAccount","cidutCntrPrtNum","cidutCntrPrtName","cidutCntrPrtITN","cidutCnName","cidutCnDate","cidutCnInv","cidutCnInvName","cidutFormtnDate","cidutMatrtyDate","cidutDebt","cidutDebtOverdue","cidutDoc","cidutLink","cidutSheet","cidutSheetNum","cidutUnloadKey","cidutCnDateNull","cidutCnNameNull","cidutCnInvNull","cidutCnInvNameNull"
"1","19","280","ООО ГАЗПРОМ ГЕОТЕХНОЛОГИИ","7719002546","25/1303/23","31.08.2023","65104",,"19.06.2024","31.12.2025","177379963,33","0",,,"133","1","26","31.08.2023","25/1303/23","65104","NullИлиПусто"
"2","19","1000139","ООО ГАЗПРОМ ПРОЕКТИРОВАНИЕ","0560022871","1","21.08.2019","103836",,"26.10.2022","31.12.2024","3085000","0",,,"133","2","26","21.08.2019","1","103836","NullИлиПусто"
"3","19","1000139","ООО ГАЗПРОМ ПРОЕКТИРОВАНИЕ","0560022871","1","21.08.2019","104866",,"26.10.2022","31.12.2024","2015143,2","0",,,"133","3","26","21.08.2019","1","104866","NullИлиПусто"
"4","19","1000139","ООО ГАЗПРОМ ПРОЕКТИРОВАНИЕ","0560022871","1","21.08.2019","105431",,"26.10.2022","31.12.2024","4692214,2","0",,,"133","4","26","21.08.2019","1","105431","NullИлиПусто"
"5","19","1000139","ООО ГАЗПРОМ ПРОЕКТИРОВАНИЕ","0560022871","1","21.08.2019","11167",,"20.03.2020","31.12.2024","0,01","0",,,"133","5","26","21.08.2019","1","11167","NullИлиПусто"
"6","19","1000139","ООО ГАЗПРОМ ПРОЕКТИРОВАНИЕ","0560022871","1","21.08.2019","124167",,"09.12.2022","31.12.2024","3573333,33","0",,,"133","6","26","21.08.2019","1","124167","NullИлиПусто"
"7","19","1000139","ООО ГАЗПРОМ ПРОЕКТИРОВАНИЕ","0560022871","1","21.08.2019","124177",,"09.12.2022","31.12.2024","18906217,05","0",,,"133","7","26","21.08.2019","1","124177","NullИлиПусто"
"8","19","1000139","ООО ГАЗПРОМ ПРОЕКТИРОВАНИЕ","0560022871","1","21.08.2019","126554",,"15.11.2024","31.12.2025","34190000","0",,,"133","8","26","21.08.2019","1","126554","NullИлиПусто"
"9","19","1000139","ООО ГАЗПРОМ ПРОЕКТИРОВАНИЕ","0560022871","1","25.04.2016","126555",,"15.11.2024","31.12.2025","100000000","0",,,"133","9","26","25.04.2016","1","126555","NullИлиПусто"
"10","19","1000139","ООО ГАЗПРОМ ПРОЕКТИРОВАНИЕ","0560022871","1","25.04.2016","126641",,"15.11.2024","31.12.2025","15833333,33","0",,,"133","10","26","25.04.2016","1","126641","NullИлиПусто"
"11","19","1000139","ООО ГАЗПРОМ ПРОЕКТИРОВАНИЕ","0560022871","1","25.04.2016","126651",,"15.11.2024","31.12.2025","53333333,33","0",,,"133","11","26","25.04.2016","1","126651","NullИлиПусто"
"12","19","1000139","ООО ГАЗПРОМ ПРОЕКТИРОВАНИЕ","0560022871","1","21.08.2019","126652",,"15.11.2024","31.12.2025","33333333,33","0",,,"133","12","26","21.08.2019","1","126652","NullИлиПусто"
"13","19","1000139","ООО ГАЗПРОМ ПРОЕКТИРОВАНИЕ","0560022871","1","25.04.2016","126718",,"15.11.2024","31.12.2025","109416666,67","0",,,"133","13","26","25.04.2016","1","126718","NullИлиПусто"
"14","19","1000139","ООО ГАЗПРОМ ПРОЕКТИРОВАНИЕ","0560022871","1","25.04.2016","126719",,"15.11.2024","31.12.2025","48333333,33","0",,,"133","14","26","25.04.2016","1","126719","NullИлиПусто"
"15","19","1000139","ООО ГАЗПРОМ ПРОЕКТИРОВАНИЕ","0560022871","1","25.04.2016","126720",,"15.11.2024","31.12.2025","99000000","0",,,"133","15","26","25.04.2016","1","126720","NullИлиПусто"
"16","19","1000139","ООО ГАЗПРОМ ПРОЕКТИРОВАНИЕ","0560022871","1","25.04.2016","126731",,"15.11.2024","31.12.2025","166665000","0",,,"133","16","26","25.04.2016","1","126731","NullИлиПусто"
"17","19","1000139","ООО ГАЗПРОМ ПРОЕКТИРОВАНИЕ","0560022871","1","25.04.2016","126786",,"15.11.2024","31.12.2025","58333333,33","0",,,"133","17","26","25.04.2016","1","126786","NullИлиПусто"
"18","19","1000139","ООО ГАЗПРОМ ПРОЕКТИРОВАНИЕ","0560022871","1","25.04.2016","126787",,"15.11.2024","31.12.2025","45833333,33","0",,,"133","18","26","25.04.2016","1","126787","NullИлиПусто"
"19","19","1000139","ООО ГАЗПРОМ ПРОЕКТИРОВАНИЕ","0560022871","1","25.04.2016","126871",,"15.11.2024","31.12.2025","75000000","0",,,"133","19","26","25.04.2016","1","126871","NullИлиПусто"
"20","19","1000139","ООО ГАЗПРОМ ПРОЕКТИРОВАНИЕ","0560022871","1","25.04.2016","126872",,"15.11.2024","31.12.2025","92350000","0",,,"133","20","26","25.04.2016","1","126872","NullИлиПусто"
"21","19","1000139","ООО ГАЗПРОМ ПРОЕКТИРОВАНИЕ","0560022871","1","25.04.2016","127011",,"15.11.2024","31.12.2025","51136666,67","0",,,"133","21","26","25.04.2016","1","127011","NullИлиПусто"
"22","19","1000139","ООО ГАЗПРОМ ПРОЕКТИРОВАНИЕ","0560022871","1","25.04.2016","127012",,"15.11.2024","31.12.2025","75000000","0",,,"133","22","26","25.04.2016","1","127012","NullИлиПусто"
"23","19","1000139","ООО ГАЗПРОМ ПРОЕКТИРОВАНИЕ","0560022871","1","21.08.2019","127019",,"15.11.2024","31.12.2025","303541666,67","0",,,"133","23","26","21.08.2019","1","127019","NullИлиПусто"
"24","19","1000139","ООО ГАЗПРОМ ПРОЕКТИРОВАНИЕ","0560022871","1","25.04.2016","127020",,"15.11.2024","31.12.2025","110000000","0",,,"133","24","26","25.04.2016","1","127020","NullИлиПусто"
"25","19","1000139","ООО ГАЗПРОМ ПРОЕКТИРОВАНИЕ","0560022871","1","25.04.2016","127051",,"15.11.2024","31.12.2025","195363333,33","0",,,"133","25","26","25.04.2016","1","127051","NullИлиПусто"
"26","19","1000139","ООО ГАЗПРОМ ПРОЕКТИРОВАНИЕ","0560022871","1","25.04.2016","127086",,"15.11.2024","31.12.2025","309783333,33","0",,,"133","26","26","25.04.2016","1","127086","NullИлиПусто"
"27","19","1000139","ООО ГАЗПРОМ ПРОЕКТИРОВАНИЕ","0560022871","1","25.04.2016","127088",,"15.11.2024","31.12.2025","198116666,67","0",,,"133","27","26","25.04.2016","1","127088","NullИлиПусто"
"28","19","1000139","ООО ГАЗПРОМ ПРОЕКТИРОВАНИЕ","0560022871","1","25.04.2016","127116",,"15.11.2024","31.12.2025","816078333,33","0",,,"133","28","26","25.04.2016","1","127116","NullИлиПусто"
"29","19","1000139","ООО ГАЗПРОМ ПРОЕКТИРОВАНИЕ","0560022871","1","25.04.2016","127117",,"15.11.2024","31.12.2025","70666666,67","0",,,"133","29","26","25.04.2016","1","127117","NullИлиПусто"
"30","19","1000139","ООО ГАЗПРОМ ПРОЕКТИРОВАНИЕ","0560022871","1","25.04.2016","127418",,"15.11.2024","31.12.2025","102180000","0",,,"133","30","26","25.04.2016","1","127418","NullИлиПусто"
"31","19","1000139","ООО ГАЗПРОМ ПРОЕКТИРОВАНИЕ","0560022871","1","25.04.2016","127419",,"15.11.2024","31.12.2025","58333333,33","0",,,"133","31","26","25.04.2016","1","127419","NullИлиПусто"
"32","19","1000139","ООО ГАЗПРОМ ПРОЕКТИРОВАНИЕ","0560022871","1","25.04.2016","127434",,"15.11.2024","31.12.2025","110000000","0",,,"133","32","26","25.04.2016","1","127434","NullИлиПусто"
"33","19","1000139","ООО ГАЗПРОМ ПРОЕКТИРОВАНИЕ","0560022871","1","21.08.2019","139674",,"22.11.2023","31.12.2024","3506493,03","0",,,"133","33","26","21.08.2019","1","139674","NullИлиПусто"
"34","19","1000139","ООО ГАЗПРОМ ПРОЕКТИРОВАНИЕ","0560022871","1","21.08.2019","139746",,"22.11.2023","31.12.2024","23811152,26","0",,,"133","34","26","21.08.2019","1","139746","NullИлиПусто"
"35","19","1000139","ООО ГАЗПРОМ ПРОЕКТИРОВАНИЕ","0560022871","1","21.08.2019","140788",,"22.11.2023","31.12.2024","3103290,63","0",,,"133","35","26","21.08.2019","1","140788","NullИлиПусто"
"36","19","1000139","ООО ГАЗПРОМ ПРОЕКТИРОВАНИЕ","0560022871","1","21.08.2019","142460",,"22.11.2023","31.12.2024","8631710,19","0",,,"133","36","26","21.08.2019","1","142460","NullИлиПусто"
"37","19","1000139","ООО ГАЗПРОМ ПРОЕКТИРОВАНИЕ","0560022871","1","21.08.2019","142461",,"22.11.2023","31.12.2024","630185,51","0",,,"133","37","26","21.08.2019","1","142461","NullИлиПусто"
"38","19","1000139","ООО ГАЗПРОМ ПРОЕКТИРОВАНИЕ","0560022871","1","21.08.2019","142874",,"22.11.2023","31.12.2024","2120300,96","0",,,"133","38","26","21.08.2019","1","142874","NullИлиПусто"
"39","19","1000139","ООО ГАЗПРОМ ПРОЕКТИРОВАНИЕ","0560022871","1","21.08.2019","143025",,"22.11.2023","31.12.2024","14538436,95","0",,,"133","39","26","21.08.2019","1","143025","NullИлиПусто"
"40","19","1000139","ООО ГАЗПРОМ ПРОЕКТИРОВАНИЕ","0560022871","1","21.08.2019","143379",,"22.11.2023","31.12.2024","6174229,55","0",,,"133","40","26","21.08.2019","1","143379","NullИлиПусто"
"41","19","1000139","ООО ГАЗПРОМ ПРОЕКТИРОВАНИЕ","0560022871","1","21.08.2019","144099",,"22.11.2023","31.12.2024","18725097,68","0",,,"133","41","26","21.08.2019","1","144099","NullИлиПусто"
"42","19","1000139","ООО ГАЗПРОМ ПРОЕКТИРОВАНИЕ","0560022871","1","21.08.2019","19525",,"12.06.2020","31.12.2024","0,01","0",,,"133","42","26","21.08.2019","1","19525","NullИлиПусто"
"43","19","1000139","ООО ГАЗПРОМ ПРОЕКТИРОВАНИЕ","0560022871","1","21.08.2019","34957",,"01.04.2022","31.12.2024","3612500","0",,,"133","43","26","21.08.2019","1","34957","NullИлиПусто"
"44","19","1000139","ООО ГАЗПРОМ ПРОЕКТИРОВАНИЕ","0560022871","1","21.08.2019","37993",,"13.04.2022","31.12.2024","0,01","0",,,"133","44","26","21.08.2019","1","37993","NullИлиПусто"
"45","19","1000139","ООО ГАЗПРОМ ПРОЕКТИРОВАНИЕ","0560022871","1","21.08.2019","3971",,"19.01.2024","31.12.2024","3457840,45","0",,,"133","45","26","21.08.2019","1","3971","NullИлиПусто"
"46","19","1000139","ООО ГАЗПРОМ ПРОЕКТИРОВАНИЕ","0560022871","1","21.08.2019","4280",,"18.01.2024","31.12.2024","19554010,52","0",,,"133","46","26","21.08.2019","1","4280","NullИлиПусто"
"47","19","1000139","ООО ГАЗПРОМ ПРОЕКТИРОВАНИЕ","0560022871","1","21.08.2019","4448",,"19.01.2024","31.12.2024","2166666,67","0",,,"133","47","26","21.08.2019","1","4448","NullИлиПусто"
"48","19","1000139","ООО ГАЗПРОМ ПРОЕКТИРОВАНИЕ","0560022871","1","21.08.2019","48172",,"23.05.2022","31.12.2024","11447188,23","0",,,"133","48","26","21.08.2019","1","48172","NullИлиПусто"
"49","19","1000139","ООО ГАЗПРОМ ПРОЕКТИРОВАНИЕ","0560022871","1","21.08.2019","4935",,"19.01.2024","31.12.2024","30673449,34","0",,,"133","49","26","21.08.2019","1","4935","NullИлиПусто"
"50","19","1000139","ООО ГАЗПРОМ ПРОЕКТИРОВАНИЕ","0560022871","1","21.08.2019","5062",,"19.01.2024","31.12.2024","950421,11","0",,,"133","50","26","21.08.2019","1","5062","NullИлиПусто"
"51","19","1000139","ООО ГАЗПРОМ ПРОЕКТИРОВАНИЕ","0560022871","1","21.08.2019","5144",,"19.01.2024","31.12.2024","5600403,42","0",,,"133","51","26","21.08.2019","1","5144","NullИлиПусто"
"52","19","1000139","ООО ГАЗПРОМ ПРОЕКТИРОВАНИЕ","0560022871","1","21.08.2019","5176",,"19.01.2024","31.12.2024","968819,21","0",,,"133","52","26","21.08.2019","1","5176","NullИлиПусто"
"53","19","1000139","ООО ГАЗПРОМ ПРОЕКТИРОВАНИЕ","0560022871","1","21.08.2019","5304",,"19.01.2024","31.12.2024","2184514,96","0",,,"133","53","26","21.08.2019","1","5304","NullИлиПусто"
"54","19","1000139","ООО ГАЗПРОМ ПРОЕКТИРОВАНИЕ","0560022871","1","21.08.2019","5311",,"19.01.2024","31.12.2024","9725000","0",,,"133","54","26","21.08.2019","1","5311","NullИлиПусто"
"55","19","1000139","ООО ГАЗПРОМ ПРОЕКТИРОВАНИЕ","0560022871","1","21.08.2019","5718",,"19.01.2024","31.12.2024","6479129,95","0",,,"133","55","26","21.08.2019","1","5718","NullИлиПусто"
"56","19","1000139","ООО ГАЗПРОМ ПРОЕКТИРОВАНИЕ","0560022871","1","21.08.2019","5930",,"19.01.2024","31.12.2024","12758333,33","0",,,"133","56","26","21.08.2019","1","5930","NullИлиПусто"
"57","19","1000139","ООО ГАЗПРОМ ПРОЕКТИРОВАНИЕ","0560022871","1","21.08.2019","5977",,"19.01.2024","31.12.2024","2901203,33","0",,,"133","57","26","21.08.2019","1","5977","NullИлиПусто"
"58","19","1000139","ООО ГАЗПРОМ ПРОЕКТИРОВАНИЕ","0560022871","1","21.08.2019","63345",,"18.06.2024","31.12.2024","422815,78","0",,,"133","58","26","21.08.2019","1","63345","NullИлиПусто"
"59","19","1000139","ООО ГАЗПРОМ ПРОЕКТИРОВАНИЕ","0560022871","1","21.08.2019","63524",,"18.06.2024","31.12.2024","833333,34","0",,,"133","59","26","21.08.2019","1","63524","NullИлиПусто"
"60","19","1000139","ООО ГАЗПРОМ ПРОЕКТИРОВАНИЕ","0560022871","1","21.08.2019","63529",,"18.06.2024","31.12.2024","3560000","0",,,"133","60","26","21.08.2019","1","63529","NullИлиПусто"
"61","19","1000139","ООО ГАЗПРОМ ПРОЕКТИРОВАНИЕ","0560022871","1","21.08.2019","63932",,"18.06.2024","31.12.2024","19856,74","0",,,"133","61","26","21.08.2019","1","63932","NullИлиПусто"
"62","19","1000139","ООО ГАЗПРОМ ПРОЕКТИРОВАНИЕ","0560022871","1","21.08.2019","63934",,"18.06.2024","31.12.2024","3455000","0",,,"133","62","26","21.08.2019","1","63934","NullИлиПусто"
"63","19","1000139","ООО ГАЗПРОМ ПРОЕКТИРОВАНИЕ","0560022871","1","21.08.2019","63961",,"18.06.2024","31.12.2024","9380000","0",,,"133","63","26","21.08.2019","1","63961","NullИлиПусто"
"64","19","1000139","ООО ГАЗПРОМ ПРОЕКТИРОВАНИЕ","0560022871","1","21.08.2019","63964",,"18.06.2024","31.12.2024","2670000","0",,,"133","64","26","21.08.2019","1","63964","NullИлиПусто"
"65","19","1000139","ООО ГАЗПРОМ ПРОЕКТИРОВАНИЕ","0560022871","1","21.08.2019","63989",,"18.06.2024","31.12.2024","833333,33","0",,,"133","65","26","21.08.2019","1","63989","NullИлиПусто"
"66","19","1000139","ООО ГАЗПРОМ ПРОЕКТИРОВАНИЕ","0560022871","1","21.08.2019","63994",,"18.06.2024","31.12.2024","6835591,29","0",,,"133","66","26","21.08.2019","1","63994","NullИлиПусто"
"67","19","1000139","ООО ГАЗПРОМ ПРОЕКТИРОВАНИЕ","0560022871","1","21.08.2019","63995",,"18.06.2024","31.12.2024","2670000","0",,,"133","67","26","21.08.2019","1","63995","NullИлиПусто"
"68","19","1000139","ООО ГАЗПРОМ ПРОЕКТИРОВАНИЕ","0560022871","1","21.08.2019","64020",,"18.06.2024","31.12.2024","833333,33","0",,,"133","68","26","21.08.2019","1","64020","NullИлиПусто"
"69","19","1000139","ООО ГАЗПРОМ ПРОЕКТИРОВАНИЕ","0560022871","1","21.08.2019","64022",,"18.06.2024","31.12.2024","375000","0",,,"133","69","26","21.08.2019","1","64022","NullИлиПусто"
"70","19","1000139","ООО ГАЗПРОМ ПРОЕКТИРОВАНИЕ","0560022871","1","21.08.2019","64047",,"18.06.2024","31.12.2024","22145027,22","0",,,"133","70","26","21.08.2019","1","64047","NullИлиПусто"
"71","19","1000139","ООО ГАЗПРОМ ПРОЕКТИРОВАНИЕ","0560022871","1","21.08.2019","64053",,"18.06.2024","31.12.2024","4166786,46","0",,,"133","71","26","21.08.2019","1","64053","NullИлиПусто"
"72","19","1000139","ООО ГАЗПРОМ ПРОЕКТИРОВАНИЕ","0560022871","1","21.08.2019","64054",,"18.06.2024","31.12.2024","275000","0",,,"133","72","26","21.08.2019","1","64054","NullИлиПусто"
"73","19","1000139","ООО ГАЗПРОМ ПРОЕКТИРОВАНИЕ","0560022871","1","21.08.2019","64056",,"18.06.2024","31.12.2024","833333,33","0",,,"133","73","26","21.08.2019","1","64056","NullИлиПусто"
"74","19","1000139","ООО ГАЗПРОМ ПРОЕКТИРОВАНИЕ","0560022871","1","21.08.2019","64062",,"18.06.2024","31.12.2024","3470663,68","0",,,"133","74","26","21.08.2019","1","64062","NullИлиПусто"
"75","19","1000139","ООО ГАЗПРОМ ПРОЕКТИРОВАНИЕ","0560022871","1","21.08.2019","64243",,"18.06.2024","31.12.2024","3473205,67","0",,,"133","75","26","21.08.2019","1","64243","NullИлиПусто"
"76","19","1000139","ООО ГАЗПРОМ ПРОЕКТИРОВАНИЕ","0560022871","1","21.08.2019","64311",,"18.06.2024","31.12.2024","3750000","0",,,"133","76","26","21.08.2019","1","64311","NullИлиПусто"
"77","19","1000139","ООО ГАЗПРОМ ПРОЕКТИРОВАНИЕ","0560022871","1","21.08.2019","64312",,"18.06.2024","31.12.2024","5955000","0",,,"133","77","26","21.08.2019","1","64312","NullИлиПусто"
"78","19","1000139","ООО ГАЗПРОМ ПРОЕКТИРОВАНИЕ","0560022871","1","21.08.2019","64461",,"18.06.2024","31.12.2024","7396666,67","0",,,"133","78","26","21.08.2019","1","64461","NullИлиПусто"
"79","19","1000139","ООО ГАЗПРОМ ПРОЕКТИРОВАНИЕ","0560022871","1","21.08.2019","64462",,"18.06.2024","31.12.2024","1127985,34","0",,,"133","79","26","21.08.2019","1","64462","NullИлиПусто"
"80","19","1000139","ООО ГАЗПРОМ ПРОЕКТИРОВАНИЕ","0560022871","1","21.08.2019","64473",,"18.06.2024","31.12.2024","2914782,86","0",,,"133","80","26","21.08.2019","1","64473","NullИлиПусто"
"81","19","1000139","ООО ГАЗПРОМ ПРОЕКТИРОВАНИЕ","0560022871","1","21.08.2019","64474",,"18.06.2024","31.12.2024","6420000","0",,,"133","81","26","21.08.2019","1","64474","NullИлиПусто"
"82","19","1000139","ООО ГАЗПРОМ ПРОЕКТИРОВАНИЕ","0560022871","1","21.08.2019","64476",,"18.06.2024","31.12.2024","775869,14","0",,,"133","82","26","21.08.2019","1","64476","NullИлиПусто"
"83","19","1000139","ООО ГАЗПРОМ ПРОЕКТИРОВАНИЕ","0560022871","1","21.08.2019","64494",,"18.06.2024","31.12.2024","931330,6","0",,,"133","83","26","21.08.2019","1","64494","NullИлиПусто"
"84","19","1000139","ООО ГАЗПРОМ ПРОЕКТИРОВАНИЕ","0560022871","1","21.08.2019","64505",,"18.06.2024","31.12.2024","833333,33","0",,,"133","84","26","21.08.2019","1","64505","NullИлиПусто"
"85","19","1000139","ООО ГАЗПРОМ ПРОЕКТИРОВАНИЕ","0560022871","1","21.08.2019","64507",,"18.06.2024","31.12.2024","375000","0",,,"133","85","26","21.08.2019","1","64507","NullИлиПусто"
"86","19","1000139","ООО ГАЗПРОМ ПРОЕКТИРОВАНИЕ","0560022871","1","21.08.2019","64516",,"18.06.2024","31.12.2024","870048,38","0",,,"133","86","26","21.08.2019","1","64516","NullИлиПусто"
"87","19","1000139","ООО ГАЗПРОМ ПРОЕКТИРОВАНИЕ","0560022871","1","21.08.2019","64519",,"18.06.2024","31.12.2024","2160,38","0",,,"133","87","26","21.08.2019","1","64519","NullИлиПусто"
"88","19","1000139","ООО ГАЗПРОМ ПРОЕКТИРОВАНИЕ","0560022871","1","21.08.2019","64549",,"18.06.2024","31.12.2024","3479094,28","0",,,"133","88","26","21.08.2019","1","64549","NullИлиПусто"
"89","19","1000139","ООО ГАЗПРОМ ПРОЕКТИРОВАНИЕ","0560022871","1","21.08.2019","64710",,"18.06.2024","31.12.2024","4350000","0",,,"133","89","26","21.08.2019","1","64710","NullИлиПусто"
"90","19","1000139","ООО ГАЗПРОМ ПРОЕКТИРОВАНИЕ","0560022871","1","21.08.2019","64741",,"18.06.2024","31.12.2024","7811072,9","0",,,"133","90","26","21.08.2019","1","64741","NullИлиПусто"
"91","19","1000139","ООО ГАЗПРОМ ПРОЕКТИРОВАНИЕ","0560022871","1","21.08.2019","64760",,"18.06.2024","31.12.2024","1435638,99","0",,,"133","91","26","21.08.2019","1","64760","NullИлиПусто"
"92","19","1000139","ООО ГАЗПРОМ ПРОЕКТИРОВАНИЕ","0560022871","1","21.08.2019","64762",,"18.06.2024","31.12.2024","1182105,96","0",,,"133","92","26","21.08.2019","1","64762","NullИлиПусто"
"93","19","1000139","ООО ГАЗПРОМ ПРОЕКТИРОВАНИЕ","0560022871","1","21.08.2019","64787",,"18.06.2024","31.12.2024","163181,06","0",,,"133","93","26","21.08.2019","1","64787","NullИлиПусто"
"94","19","1000139","ООО ГАЗПРОМ ПРОЕКТИРОВАНИЕ","0560022871","1","21.08.2019","64789",,"18.06.2024","31.12.2024","1500000","0",,,"133","94","26","21.08.2019","1","64789","NullИлиПусто"
"95","19","1000139","ООО ГАЗПРОМ ПРОЕКТИРОВАНИЕ","0560022871","1","21.08.2019","64790",,"18.06.2024","31.12.2024","1162769,23","0",,,"133","95","26","21.08.2019","1","64790","NullИлиПусто"
"96","19","1000139","ООО ГАЗПРОМ ПРОЕКТИРОВАНИЕ","0560022871","1","21.08.2019","64804",,"18.06.2024","31.12.2024","8440007,8","0",,,"133","96","26","21.08.2019","1","64804","NullИлиПусто"
"97","19","1000139","ООО ГАЗПРОМ ПРОЕКТИРОВАНИЕ","0560022871","1","21.08.2019","64806",,"18.06.2024","31.12.2024","19905000","0",,,"133","97","26","21.08.2019","1","64806","NullИлиПусто"
"98","19","1000139","ООО ГАЗПРОМ ПРОЕКТИРОВАНИЕ","0560022871","1","21.08.2019","64815",,"18.06.2024","31.12.2024","27816024,24","0",,,"133","98","26","21.08.2019","1","64815","NullИлиПусто"
"99","19","1000139","ООО ГАЗПРОМ ПРОЕКТИРОВАНИЕ","0560022871","1","21.08.2019","64816",,"18.06.2024","31.12.2024","738487,31","0",,,"133","99","26","21.08.2019","1","64816","NullИлиПусто"
"100","19","1000139","ООО ГАЗПРОМ ПРОЕКТИРОВАНИЕ","0560022871","1","21.08.2019","64827",,"18.06.2024","31.12.2024","2907215,78","0",,,"133","100","26","21.08.2019","1","64827","NullИлиПусто"
"101","19","1000139","ООО ГАЗПРОМ ПРОЕКТИРОВАНИЕ","0560022871","1","21.08.2019","64903",,"18.06.2024","31.12.2024","22805733,74","0",,,"133","101","26","21.08.2019","1","64903","NullИлиПусто"
"102","19","1000139","ООО ГАЗПРОМ ПРОЕКТИРОВАНИЕ","0560022871","1","21.08.2019","64965",,"19.06.2024","31.12.2024","3417364,01","0",,,"133","102","26","21.08.2019","1","64965","NullИлиПусто"
"103","19","1000139","ООО ГАЗПРОМ ПРОЕКТИРОВАНИЕ","0560022871","1","21.08.2019","74387",,"23.06.2023","31.12.2024","910261,14","0",,,"133","103","26","21.08.2019","1","74387","NullИлиПусто"
"104","19","1000139","ООО ГАЗПРОМ ПРОЕКТИРОВАНИЕ","0560022871","1","21.08.2019","74670",,"23.06.2023","31.12.2024","6591666,67","0",,,"133","104","26","21.08.2019","1","74670","NullИлиПусто"
"105","19","1000139","ООО ГАЗПРОМ ПРОЕКТИРОВАНИЕ","0560022871","1","21.08.2019","88130",,"19.09.2022","31.12.2024","722500","0",,,"133","105","26","21.08.2019","1","88130","NullИлиПусто"
"106","19","1000139","ООО ГАЗПРОМ ПРОЕКТИРОВАНИЕ","0560022871","1","21.08.2019","88255",,"19.09.2022","31.12.2024","957835,25","0",,,"133","106","26","21.08.2019","1","88255","NullИлиПусто"
"107","19","1000139","ООО ГАЗПРОМ ПРОЕКТИРОВАНИЕ","0560022871","1","21.08.2019","88546",,"19.09.2022","31.12.2024","577116,29","0",,,"133","107","26","21.08.2019","1","88546","NullИлиПусто"
"108","19","1000139","ООО ГАЗПРОМ ПРОЕКТИРОВАНИЕ","0560022871","1","21.08.2019","90013",,"02.08.2023","31.12.2024","34489,05","0",,,"133","108","26","21.08.2019","1","90013","NullИлиПусто"
"109","19","1000139","ООО ГАЗПРОМ ПРОЕКТИРОВАНИЕ","0560022871","1","21.08.2019","90306",,"02.08.2023","31.12.2024","316666,67","0",,,"133","109","26","21.08.2019","1","90306","NullИлиПусто"
"110","19","1000139","ООО ГАЗПРОМ ПРОЕКТИРОВАНИЕ","0560022871","1","21.08.2019","90481",,"02.08.2023","31.12.2024","3522801,07","0",,,"133","110","26","21.08.2019","1","90481","NullИлиПусто"
"111","19","1000139","ООО ГАЗПРОМ ПРОЕКТИРОВАНИЕ","0560022871","1","21.08.2019","90994",,"02.08.2023","31.12.2024","991700,84","0",,,"133","111","26","21.08.2019","1","90994","NullИлиПусто"
"112","19","1000139","ООО ГАЗПРОМ ПРОЕКТИРОВАНИЕ","0560022871","1","21.08.2019","91048",,"02.08.2023","31.12.2024","844173,24","0",,,"133","112","26","21.08.2019","1","91048","NullИлиПусто"
"113","19","1000139","ООО ГАЗПРОМ ПРОЕКТИРОВАНИЕ","0560022871","1","21.08.2019","91609",,"02.08.2023","31.12.2024","14775741,7","0",,,"133","113","26","21.08.2019","1","91609","NullИлиПусто"
"114","19","1000139","ООО ГАЗПРОМ ПРОЕКТИРОВАНИЕ","0560022871","1","21.08.2019","98872",,"10.09.2024","31.12.2025","4258333,33","0",,,"133","114","26","21.08.2019","1","98872","NullИлиПусто"
"115","19","1000139","ООО ГАЗПРОМ ПРОЕКТИРОВАНИЕ","0560022871","1","21.08.2019","98889",,"10.09.2024","31.12.2025","11250000","0",,,"133","115","26","21.08.2019","1","98889","NullИлиПусто"
"116","19","1000139","ООО ГАЗПРОМ ПРОЕКТИРОВАНИЕ","0560022871","1","21.08.2019","98892",,"10.09.2024","31.12.2025","20833333,33","0",,,"133","116","26","21.08.2019","1","98892","NullИлиПусто"
"117","19","1000139","ООО ГАЗПРОМ ПРОЕКТИРОВАНИЕ","0560022871","1","21.08.2019","98898",,"10.09.2024","31.12.2025","554166,67","0",,,"133","117","26","21.08.2019","1","98898","NullИлиПусто"
"118","19","1000139","ООО ГАЗПРОМ ПРОЕКТИРОВАНИЕ","0560022871","1","21.08.2019","98907",,"10.09.2024","31.12.2025","545434,17","0",,,"133","118","26","21.08.2019","1","98907","NullИлиПусто"
"119","19","1000139","ООО ГАЗПРОМ ПРОЕКТИРОВАНИЕ","0560022871","1","21.08.2019","98933",,"10.09.2024","31.12.2025","595833,33","0",,,"133","119","26","21.08.2019","1","98933","NullИлиПусто"
"120","19","1000139","ООО ГАЗПРОМ ПРОЕКТИРОВАНИЕ","0560022871","1","21.08.2019","98934",,"10.09.2024","31.12.2025","595833,33","0",,,"133","120","26","21.08.2019","1","98934","NullИлиПусто"
"121","19","1000139","ООО ГАЗПРОМ ПРОЕКТИРОВАНИЕ","0560022871","1","21.08.2019","98938",,"10.09.2024","31.12.2025","267360,32","0",,,"133","121","26","21.08.2019","1","98938","NullИлиПусто"
"122","19","1000139","ООО ГАЗПРОМ ПРОЕКТИРОВАНИЕ","0560022871","1","21.08.2019","98948",,"10.09.2024","31.12.2025","625000","0",,,"133","122","26","21.08.2019","1","98948","NullИлиПусто"
"123","19","1000139","ООО ГАЗПРОМ ПРОЕКТИРОВАНИЕ","0560022871","1","21.08.2019","99046",,"10.09.2024","31.12.2025","1250000","0",,,"133","123","26","21.08.2019","1","99046","NullИлиПусто"
"124","19","1000139","ООО ГАЗПРОМ ПРОЕКТИРОВАНИЕ","0560022871","1","21.08.2019","99047",,"10.09.2024","31.12.2025","1250000","0",,,"133","124","26","21.08.2019","1","99047","NullИлиПусто"
"125","19","1000139","ООО ГАЗПРОМ ПРОЕКТИРОВАНИЕ","0560022871","1","21.08.2019","99049",,"10.09.2024","31.12.2025","1250000","0",,,"133","125","26","21.08.2019","1","99049","NullИлиПусто"
"126","19","1000139","ООО ГАЗПРОМ ПРОЕКТИРОВАНИЕ","0560022871","1","21.08.2019","99051",,"10.09.2024","31.12.2025","1250000","0",,,"133","126","26","21.08.2019","1","99051","NullИлиПусто"
"127","19","1000139","ООО ГАЗПРОМ ПРОЕКТИРОВАНИЕ","0560022871","1","21.08.2019","99053",,"10.09.2024","31.12.2025","1250000","0",,,"133","127","26","21.08.2019","1","99053","NullИлиПусто"
"128","19","1000139","ООО ГАЗПРОМ ПРОЕКТИРОВАНИЕ","0560022871","1","21.08.2019","99057",,"10.09.2024","31.12.2025","1250000","0",,,"133","128","26","21.08.2019","1","99057","NullИлиПусто"
"129","19","1000139","ООО ГАЗПРОМ ПРОЕКТИРОВАНИЕ","0560022871","1","21.08.2019","99058",,"10.09.2024","31.12.2025","1250000","0",,,"133","129","26","21.08.2019","1","99058","NullИлиПусто"
"130","19","1000139","ООО ГАЗПРОМ ПРОЕКТИРОВАНИЕ","0560022871","1","21.08.2019","99060",,"10.09.2024","31.12.2025","1250000","0",,,"133","130","26","21.08.2019","1","99060","NullИлиПусто"
"131","19","1000139","ООО ГАЗПРОМ ПРОЕКТИРОВАНИЕ","0560022871","1","21.08.2019","99061",,"10.09.2024","31.12.2025","1250000","0",,,"133","131","26","21.08.2019","1","99061","NullИлиПусто"
"132","19","1000139","ООО ГАЗПРОМ ПРОЕКТИРОВАНИЕ","0560022871","1","21.08.2019","99062",,"10.09.2024","31.12.2025","1250000","0",,,"133","132","26","21.08.2019","1","99062","NullИлиПусто"
"133","19","1000139","ООО ГАЗПРОМ ПРОЕКТИРОВАНИЕ","0560022871","1","21.08.2019","99065",,"10.09.2024","31.12.2025","596676,87","0",,,"133","133","26","21.08.2019","1","99065","NullИлиПусто"
"134","19","1000139","ООО ГАЗПРОМ ПРОЕКТИРОВАНИЕ","0560022871","1","21.08.2019","99066",,"10.09.2024","31.12.2025","1250000","0",,,"133","134","26","21.08.2019","1","99066","NullИлиПусто"
"135","19","1000139","ООО ГАЗПРОМ ПРОЕКТИРОВАНИЕ","0560022871","1","21.08.2019","99067",,"10.09.2024","31.12.2025","1250000","0",,,"133","135","26","21.08.2019","1","99067","NullИлиПусто"
"136","19","1000139","ООО ГАЗПРОМ ПРОЕКТИРОВАНИЕ","0560022871","1","21.08.2019","99068",,"10.09.2024","31.12.2025","1250000","0",,,"133","136","26","21.08.2019","1","99068","NullИлиПусто"
"137","19","1000139","ООО ГАЗПРОМ ПРОЕКТИРОВАНИЕ","0560022871","1","21.08.2019","99069",,"10.09.2024","31.12.2025","1250000","0",,,"133","137","26","21.08.2019","1","99069","NullИлиПусто"
"138","19","1000139","ООО ГАЗПРОМ ПРОЕКТИРОВАНИЕ","0560022871","1","21.08.2019","99070",,"10.09.2024","31.12.2025","7202,66","0",,,"133","138","26","21.08.2019","1","99070","NullИлиПусто"
"139","19","1000139","ООО ГАЗПРОМ ПРОЕКТИРОВАНИЕ","0560022871","1","21.08.2019","99071",,"10.09.2024","31.12.2025","1250000","0",,,"133","139","26","21.08.2019","1","99071","NullИлиПусто"
"140","19","1000139","ООО ГАЗПРОМ ПРОЕКТИРОВАНИЕ","0560022871","1","21.08.2019","99072",,"10.09.2024","31.12.2025","1250000","0",,,"133","140","26","21.08.2019","1","99072","NullИлиПусто"
"141","19","1000139","ООО ГАЗПРОМ ПРОЕКТИРОВАНИЕ","0560022871","1","21.08.2019","99073",,"10.09.2024","31.12.2025","1250000","0",,,"133","141","26","21.08.2019","1","99073","NullИлиПусто"
"142","19","1000139","ООО ГАЗПРОМ ПРОЕКТИРОВАНИЕ","0560022871","1","21.08.2019","99075",,"10.09.2024","31.12.2025","1250000","0",,,"133","142","26","21.08.2019","1","99075","NullИлиПусто"
"143","19","1000139","ООО ГАЗПРОМ ПРОЕКТИРОВАНИЕ","0560022871","1","21.08.2019","99076",,"10.09.2024","31.12.2025","1250000","0",,,"133","143","26","21.08.2019","1","99076","NullИлиПусто"
"144","19","1000139","ООО ГАЗПРОМ ПРОЕКТИРОВАНИЕ","0560022871","1","21.08.2019","99079",,"10.09.2024","31.12.2025","1250000","0",,,"133","144","26","21.08.2019","1","99079","NullИлиПусто"
"145","19","1000139","ООО ГАЗПРОМ ПРОЕКТИРОВАНИЕ","0560022871","1","21.08.2019","99080",,"10.09.2024","31.12.2025","1475000","0",,,"133","145","26","21.08.2019","1","99080","NullИлиПусто"
"146","19","1000139","ООО ГАЗПРОМ ПРОЕКТИРОВАНИЕ","0560022871","1","21.08.2019","99083",,"10.09.2024","31.12.2025","5737500","0",,,"133","146","26","21.08.2019","1","99083","NullИлиПусто"
"147","19","1000139","ООО ГАЗПРОМ ПРОЕКТИРОВАНИЕ","0560022871","1","21.08.2019","99084",,"10.09.2024","31.12.2025","1877334,88","0",,,"133","147","26","21.08.2019","1","99084","NullИлиПусто"
"148","19","1000139","ООО ГАЗПРОМ ПРОЕКТИРОВАНИЕ","0560022871","1","21.08.2019","99086",,"10.09.2024","31.12.2025","7204166,67","0",,,"133","148","26","21.08.2019","1","99086","NullИлиПусто"
"149","19","1000139","ООО ГАЗПРОМ ПРОЕКТИРОВАНИЕ","0560022871","1","21.08.2019","99087",,"10.09.2024","31.12.2025","8333333,33","0",,,"133","149","26","21.08.2019","1","99087","NullИлиПусто"
"150","19","1000139","ООО ГАЗПРОМ ПРОЕКТИРОВАНИЕ","0560022871","1","21.08.2019","99090",,"10.09.2024","31.12.2025","12016666,67","0",,,"133","150","26","21.08.2019","1","99090","NullИлиПусто"
"151","19","1000139","ООО ГАЗПРОМ ПРОЕКТИРОВАНИЕ","0560022871","1","21.08.2019","99091",,"10.09.2024","31.12.2025","7725000","0",,,"133","151","26","21.08.2019","1","99091","NullИлиПусто"
"152","19","1000139","ООО ГАЗПРОМ ПРОЕКТИРОВАНИЕ","0560022871","1","21.08.2019","99166",,"10.09.2024","31.12.2025","74808333,33","0",,,"133","152","26","21.08.2019","1","99166","NullИлиПусто"
"153","19","1000139","ООО ГАЗПРОМ ПРОЕКТИРОВАНИЕ","0560022871","1","21.08.2019","99167",,"10.09.2024","31.12.2025","14649416,88","0",,,"133","153","26","21.08.2019","1","99167","NullИлиПусто"
"154","19","1000139","ООО ГАЗПРОМ ПРОЕКТИРОВАНИЕ","0560022871","1","21.08.2019","99169",,"10.09.2024","31.12.2025","79154166,67","0",,,"133","154","26","21.08.2019","1","99169","NullИлиПусто"
"155","19","1000139","ООО ГАЗПРОМ ПРОЕКТИРОВАНИЕ","0560022871","1","21.08.2019","99172",,"10.09.2024","31.12.2025","2549891666,67","0",,,"133","155","26","21.08.2019","1","99172","NullИлиПусто"
"156","19","1000139","ООО ГАЗПРОМ ПРОЕКТИРОВАНИЕ","0560022871","1","21.08.2019","99173",,"10.09.2024","31.12.2025","26808333,33","0",,,"133","156","26","21.08.2019","1","99173","NullИлиПусто"
"157","19","1000139","ООО ГАЗПРОМ ПРОЕКТИРОВАНИЕ","0560022871","1","21.08.2019","99174",,"10.09.2024","31.12.2025","244725000","0",,,"133","157","26","21.08.2019","1","99174","NullИлиПусто"
"158","19","1000139","ООО ГАЗПРОМ ПРОЕКТИРОВАНИЕ","0560022871","1","21.08.2019","99175",,"10.09.2024","31.12.2025","112845084,04","0",,,"133","158","26","21.08.2019","1","99175","NullИлиПусто"
"159","19","1000139","ООО ГАЗПРОМ ПРОЕКТИРОВАНИЕ","0560022871","1","21.08.2019","99177",,"10.09.2024","31.12.2025","21454166,67","0",,,"133","159","26","21.08.2019","1","99177","NullИлиПусто"
"160","19","1000139","ООО ГАЗПРОМ ПРОЕКТИРОВАНИЕ","0560022871","1","21.08.2019","99219",,"10.09.2024","31.12.2025","1945833,33","0",,,"133","160","26","21.08.2019","1","99219","NullИлиПусто"
"161","19","1003634","ООО ЗНГС-ПРОМЕТЕЙ","7706214286","25/201/0768/21","23.07.2021","91043",,"02.08.2023","31.12.2023","36005499,68","36005499,68",,,"133","161","26","23.07.2021","25/201/0768/21","91043","NullИлиПусто"
"162","19","1003634","ООО ЗНГС-ПРОМЕТЕЙ","7706214286","25/201/0308/22","25.03.2022","92052",,"04.08.2023","30.12.2023","106115852,1","106115852,1",,,"133","162","26","25.03.2022","25/201/0308/22","92052","NullИлиПусто"
"163","19","1003634","ООО ЗНГС-ПРОМЕТЕЙ","7706214286","25/201/0308/22","25.03.2022","92053",,"04.08.2023","30.12.2023","5008333,33","5008333,33",,,"133","163","26","25.03.2022","25/201/0308/22","92053","NullИлиПусто"
"164","19","1006197","АО ДИПСТРОЙСЕРВИС","7710395564","23-0772-ДПД-18","17.05.2018","1106",,"16.10.2023","31.12.2024","841666666,66","0",,,"133","164","26","17.05.2018","23-0772-ДПД-18","1106","NullИлиПусто"
"165","19","1006197","АО ДИПСТРОЙСЕРВИС","7710395564","23-0772-ДПД-18","17.05.2018","629",,"14.06.2024","31.12.2024","65000000","0",,,"133","165","26","17.05.2018","23-0772-ДПД-18","629","NullИлиПусто"
"166","19","1006197","АО ДИПСТРОЙСЕРВИС","7710395564","23-0772-ДПД-18","17.05.2018","847",,"10.08.2023","31.12.2024","4876727","0",,,"133","166","26","17.05.2018","23-0772-ДПД-18","847","NullИлиПусто"
"167","19","1006197","АО ДИПСТРОЙСЕРВИС","7710395564","23-0772-ДПД-18","17.05.2018","900",,"14.08.2024","31.12.2024","139622892,92","0",,,"133","167","26","17.05.2018","23-0772-ДПД-18","900","NullИлиПусто"
"168","19","1006197","АО ДИПСТРОЙСЕРВИС","7710395564","83-0772-ДПД-22","07.02.2023","902",,"15.08.2024","31.12.2024","81293477,28","0",,,"133","168","26","07.02.2023","83-0772-ДПД-22","902","NullИлиПусто"
"169","19","1006197","АО ДИПСТРОЙСЕРВИС","7710395564","23-0772-ДПД-18","17.05.2018","997",,"21.09.2023","31.12.2024","966666666,67","0",,,"133","169","26","17.05.2018","23-0772-ДПД-18","997","NullИлиПусто"
"170","19","1007766","ООО ГАЗПРОМ МОРСКИЕ ПРОЕКТЫ","2466091092","1801/19","20.11.2019","2414",,"28.01.2020","31.10.2025","167606664,34","0",,,"133","170","26","20.11.2019","1801/19","2414","NullИлиПусто"
"171","19","1007766","ООО ГАЗПРОМ МОРСКИЕ ПРОЕКТЫ","2466091092","1801/19","20.11.2019","2415",,"28.01.2020","31.10.2025","50599608,44","0",,,"133","171","26","20.11.2019","1801/19","2415","NullИлиПусто"
"172","19","1009345","ООО ГАЗПРОМ ИНВЕСТ","7810483334","КС-51","01.10.2014","102523",,"18.09.2024","28.02.2025","715084,18","0",,,"133","172","26","01.10.2014","КС-51","102523","NullИлиПусто"
"173","19","1009345","ООО ГАЗПРОМ ИНВЕСТ","7810483334","КС-51","01.10.2014","130895",,"22.11.2024","01.12.2027","16736406,57","0",,,"133","173","26","01.10.2014","КС-51","130895","NullИлиПусто"
"174","19","1009345","ООО ГАЗПРОМ ИНВЕСТ","7810483334","КС-51","01.10.2014","130896",,"22.11.2024","01.12.2027","35896348,28","0",,,"133","174","26","01.10.2014","КС-51","130896","NullИлиПусто"
"175","19","1009345","ООО ГАЗПРОМ ИНВЕСТ","7810483334","КС-51","01.10.2014","139059",,"09.12.2024","30.09.2025","427084,59","0",,,"133","175","26","01.10.2014","КС-51","139059","NullИлиПусто"
"176","19","1009345","ООО ГАЗПРОМ ИНВЕСТ","7810483334","КС-51","01.10.2014","79209",,"23.08.2022","31.12.2026","83133333,34","0",,,"133","176","26","01.10.2014","КС-51","79209","NullИлиПусто"
"177","19","1010817","ООО ГЭС","7702599998","ГЦР-501-0824-14","01.08.2014","21467",,"26.06.2020","31.05.2023","9156408,42","9156408,42",,,"133","177","26","01.08.2014","ГЦР-501-0824-14","21467","NullИлиПусто"
"178","19","1010817","ООО ГЭС","7702599998","34/0120/23","01.06.2023","378132",,"24.06.2024","31.12.2024","14426832,82","0",,,"133","178","26","01.06.2023","34/0120/23","378132","NullИлиПусто"
"179","19","1010817","ООО ГЭС","7702599998","30/0038/23","15.06.2023","38468",,"28.03.2024","31.10.2024","17244699,21","17244699,21",,,"133","179","26","15.06.2023","30/0038/23","38468","NullИлиПусто"
"180","19","1010817","ООО ГЭС","7702599998","ГЦР-501-0869-15","09.09.2015","39666",,"19.04.2022","30.11.2023","497714467,22","497714467,22",,,"133","180","26","09.09.2015","ГЦР-501-0869-15","39666","NullИлиПусто"
"181","19","1010817","ООО ГЭС","7702599998","34/0120/23","01.06.2023","397674",,"25.06.2024","31.12.2024","6525666,67","0",,,"133","181","26","01.06.2023","34/0120/23","397674","NullИлиПусто"
"182","19","1010817","ООО ГЭС","7702599998","34/0120/23","01.06.2023","414520",,"26.06.2024","31.12.2024","709705","0",,,"133","182","26","01.06.2023","34/0120/23","414520","NullИлиПусто"
"183","19","1010817","ООО ГЭС","7702599998","34/0120/23","01.06.2023","418597",,"16.09.2024","31.12.2024","124456200,04","0",,,"133","183","26","01.06.2023","34/0120/23","418597","NullИлиПусто"
"184","19","1010817","ООО ГЭС","7702599998","34/0120/23","01.06.2023","42201",,"09.04.2024","31.12.2024","233235899,75","0",,,"133","184","26","01.06.2023","34/0120/23","42201","NullИлиПусто"
"185","19","1010817","ООО ГЭС","7702599998","34/0120/23","01.06.2023","455389",,"18.09.2024","31.12.2024","43767445,99","0",,,"133","185","26","01.06.2023","34/0120/23","455389","NullИлиПусто"
"186","19","1010817","ООО ГЭС","7702599998","1","03.05.2024","466406",,"09.12.2024","31.12.2025","32366666,67","0",,,"133","186","26","03.05.2024","1","466406","NullИлиПусто"
"187","19","1010817","ООО ГЭС","7702599998","34/0124/23",,"466407",,"09.12.2024","31.12.2025","23466666,67","0",,,"133","187","26","01.01.1900","34/0124/23","466407","NullИлиПусто"
"188","19","1010817","ООО ГЭС","7702599998","34/0120/23","01.06.2023","488415",,"20.09.2024","31.12.2024","124166,67","0",,,"133","188","26","01.06.2023","34/0120/23","488415","NullИлиПусто"
"189","19","1010817","ООО ГЭС","7702599998","34/0120/23","01.06.2023","508310",,"23.09.2024","31.12.2024","39485231,53","0",,,"133","189","26","01.06.2023","34/0120/23","508310","NullИлиПусто"
"190","19","1010817","ООО ГЭС","7702599998","34/0120/23","01.06.2023","541440",,"25.09.2024","31.12.2024","6822,5","0",,,"133","190","26","01.06.2023","34/0120/23","541440","NullИлиПусто"
"191","19","1010817","ООО ГЭС","7702599998","25/201/1137/22","01.07.2022","54465",,"20.05.2024","30.11.2025","83216666,67","0",,,"133","191","26","01.07.2022","25/201/1137/22","54465","NullИлиПусто"
"192","19","1010817","ООО ГЭС","7702599998","25/201/1137/22","01.07.2022","54466",,"20.05.2024","30.11.2025","48624871,81","0",,,"133","192","26","01.07.2022","25/201/1137/22","54466","NullИлиПусто"
"193","19","1010817","ООО ГЭС","7702599998","34/0120/23","01.06.2023","572329",,"27.09.2024","31.12.2024","458333,33","0",,,"133","193","26","01.06.2023","34/0120/23","572329","NullИлиПусто"
"194","19","1010817","ООО ГЭС","7702599998","30/0038/23","15.06.2023","573025",,"27.09.2024","31.10.2024","14166666,67","14166666,67",,,"133","194","26","15.06.2023","30/0038/23","573025","NullИлиПусто"
"195","19","1010817","ООО ГЭС","7702599998","30/0038/23","15.06.2023","573026",,"27.09.2024","31.10.2024","23314210,78","23314210,78",,,"133","195","26","15.06.2023","30/0038/23","573026","NullИлиПусто"
"196","19","1010817","ООО ГЭС","7702599998","ГЦР-501-0223-17","10.02.2017","66136",,"19.07.2022","31.10.2023","7575000","7575000",,,"133","196","26","10.02.2017","ГЦР-501-0223-17","66136","NullИлиПусто"
"197","19","1010817","ООО ГЭС","7702599998","34/0124/23",,"678351",,"17.07.2024","31.12.2024","25000000","0",,,"133","197","26","01.01.1900","34/0124/23","678351","NullИлиПусто"
"198","19","1010817","ООО ГЭС","7702599998","ГЦР-501-0869-15","09.09.2015","90831",,"08.12.2021","30.11.2023","37500000","37500000",,,"133","198","26","09.09.2015","ГЦР-501-0869-15","90831","NullИлиПусто"
"199","19","1011674","ООО ТЕЛЕКОМСЕРВИС","2303022430","25/201/2513/24","13.09.2024","120103",,"29.10.2024","31.01.2025","57364778,85","0",,,"133","199","26","13.09.2024","25/201/2513/24","120103","NullИлиПусто"
"200","19","1011674","ООО ТЕЛЕКОМСЕРВИС","2303022430","25/201/1010/24","20.05.2024","72396",,"12.07.2024","31.12.2024","85847772,91","0",,,"133","200","26","20.05.2024","25/201/1010/24","72396","NullИлиПусто"
"201","19","1033609","ООО ИНВЕСТСТРОЙ","3525126062","0846/24","28.08.2024","132835",,"25.11.2024","30.11.2025","36930800,73","0",,,"133","201","26","28.08.2024","0846/24","132835","NullИлиПусто"
"202","19","1033609","ООО ИНВЕСТСТРОЙ","3525126062","0846/24","28.08.2024","132837",,"25.11.2024","30.11.2025","9522434,17","0",,,"133","202","26","28.08.2024","0846/24","132837","NullИлиПусто"
"203","19","1033609","ООО ИНВЕСТСТРОЙ","3525126062","1873/23","27.12.2023","63170",,"18.06.2024","30.11.2025","25822068,33","0",,,"133","203","26","27.12.2023","1873/23","63170","NullИлиПусто"
"204","19","1033609","ООО ИНВЕСТСТРОЙ","3525126062","1680/23","27.12.2023","63670",,"18.06.2024","30.11.2026","217059538,33","0",,,"133","204","26","27.12.2023","1680/23","63670","NullИлиПусто"
"205","19","1033609","ООО ИНВЕСТСТРОЙ","3525126062","1680/23","27.12.2023","63671",,"18.06.2024","31.12.2024","1675000","0",,,"133","205","26","27.12.2023","1680/23","63671","NullИлиПусто"
"206","19","1033609","ООО ИНВЕСТСТРОЙ","3525126062","1680/23","27.12.2023","63672",,"18.06.2024","30.11.2026","23502826","0",,,"133","206","26","27.12.2023","1680/23","63672","NullИлиПусто"
"207","19","1033609","ООО ИНВЕСТСТРОЙ","3525126062","1873/23","27.12.2023","63924",,"18.06.2024","30.11.2025","134036796,9","0",,,"133","207","26","27.12.2023","1873/23","63924","NullИлиПусто"
"208","19","1033609","ООО ИНВЕСТСТРОЙ","3525126062","1741/23","28.12.2023","64004",,"18.06.2024","31.12.2024","2083333,33","0",,,"133","208","26","28.12.2023","1741/23","64004","NullИлиПусто"
"209","19","1033609","ООО ИНВЕСТСТРОЙ","3525126062","1741/23","28.12.2023","64005",,"18.06.2024","30.11.2025","13622280,17","0",,,"133","209","26","28.12.2023","1741/23","64005","NullИлиПусто"
"210","19","1033609","ООО ИНВЕСТСТРОЙ","3525126062","1868/23","27.12.2023","64065",,"18.06.2024","30.11.2025","20907635,17","0",,,"133","210","26","27.12.2023","1868/23","64065","NullИлиПусто"
"211","19","1033609","ООО ИНВЕСТСТРОЙ","3525126062","1682/23","27.12.2023","64075",,"18.06.2024","30.11.2025","64949101,09","0",,,"133","211","26","27.12.2023","1682/23","64075","NullИлиПусто"
"212","19","1033609","ООО ИНВЕСТСТРОЙ","3525126062","1682/23","27.12.2023","64076",,"18.06.2024","31.12.2024","1250000","0",,,"133","212","26","27.12.2023","1682/23","64076","NullИлиПусто"
"213","19","1033609","ООО ИНВЕСТСТРОЙ","3525126062","1682/23","27.12.2023","64077",,"18.06.2024","30.11.2025","19435499","0",,,"133","213","26","27.12.2023","1682/23","64077","NullИлиПусто"
"214","19","1033609","ООО ИНВЕСТСТРОЙ","3525126062","1801/23","28.12.2023","64272",,"18.06.2024","30.11.2028","445402249,68","0",,,"133","214","26","28.12.2023","1801/23","64272","NullИлиПусто"
"215","19","1033609","ООО ИНВЕСТСТРОЙ","3525126062","1800/23","28.12.2023","64486",,"18.06.2024","31.12.2024","2083333,33","0",,,"133","215","26","28.12.2023","1800/23","64486","NullИлиПусто"
"216","19","1033609","ООО ИНВЕСТСТРОЙ","3525126062","1800/23","28.12.2023","64487",,"18.06.2024","30.11.2025","14122256,67","0",,,"133","216","26","28.12.2023","1800/23","64487","NullИлиПусто"
"217","19","1033609","ООО ИНВЕСТСТРОЙ","3525126062","1868/23","27.12.2023","64625",,"18.06.2024","30.11.2025","61045716,49","0",,,"133","217","26","27.12.2023","1868/23","64625","NullИлиПусто"
"218","19","1033609","ООО ИНВЕСТСТРОЙ","3525126062","1872/23","27.12.2023","64799",,"18.06.2024","30.11.2025","58527798,51","0",,,"133","218","26","27.12.2023","1872/23","64799","NullИлиПусто"
"219","19","1033609","ООО ИНВЕСТСТРОЙ","3525126062","1872/23","27.12.2023","64800",,"18.06.2024","31.12.2024","2333333,33","0",,,"133","219","26","27.12.2023","1872/23","64800","NullИлиПусто"
"220","19","1033609","ООО ИНВЕСТСТРОЙ","3525126062","1872/23","27.12.2023","64801",,"18.06.2024","30.11.2025","7945091,17","0",,,"133","220","26","27.12.2023","1872/23","64801","NullИлиПусто"
"221","19","1033609","ООО ИНВЕСТСТРОЙ","3525126062","1874/23","28.12.2023","64946",,"19.06.2024","30.11.2025","36128532,5","0",,,"133","221","26","28.12.2023","1874/23","64946","NullИлиПусто"
"222","19","1033609","ООО ИНВЕСТСТРОЙ","3525126062","1874/23","28.12.2023","64948",,"19.06.2024","30.11.2025","67271095,91","0",,,"133","222","26","28.12.2023","1874/23","64948","NullИлиПусто"
"223","19","1042241","АО РОСИНЖИНИРИНГ","7805222129","29/0128/24","28.08.2024","105142",,"24.09.2024","30.09.2025","60500000","0",,,"133","223","26","28.08.2024","29/0128/24","105142","NullИлиПусто"
"224","19","1042241","АО РОСИНЖИНИРИНГ","7805222129","29/0128/24","28.08.2024","127952",,"15.11.2024","30.09.2025","208350000","0",,,"133","224","26","28.08.2024","29/0128/24","127952","NullИлиПусто"
"225","19","1048106","АО ЛАБОРАТОРИЯ ППШ","7802076166","29/0402/22","06.04.2023","52248",,"19.04.2023","31.10.2025","2666666,67","0",,,"133","225","26","06.04.2023","29/0402/22","52248","NullИлиПусто"
"226","19","1048106","АО ЛАБОРАТОРИЯ ППШ","7802076166","29/0402/22","06.04.2023","52261",,"19.04.2023","31.10.2025","50666666,67","0",,,"133","226","26","06.04.2023","29/0402/22","52261","NullИлиПусто"
"227","19","1048106","АО ЛАБОРАТОРИЯ ППШ","7802076166","29/0402/22","06.04.2023","52262",,"19.04.2023","31.10.2025","10000000","0",,,"133","227","26","06.04.2023","29/0402/22","52262","NullИлиПусто"
"228","19","1065313","ООО РУБЕЖ -М","1660045810","1854/23","25.12.2023","34868",,"19.03.2024","31.12.2024","9537050,8","0",,,"133","228","26","25.12.2023","1854/23","34868","NullИлиПусто"
"229","19","1065313","ООО РУБЕЖ -М","1660045810","1854/23","25.12.2023","34869",,"19.03.2024","30.11.2025","128781642,83","0",,,"133","229","26","25.12.2023","1854/23","34869","NullИлиПусто"
"230","19","1065313","ООО РУБЕЖ -М","1660045810","1854/23","25.12.2023","35092",,"19.03.2024","31.12.2024","2500000","0",,,"133","230","26","25.12.2023","1854/23","35092","NullИлиПусто"
"231","19","1065313","ООО РУБЕЖ -М","1660045810","1855/23","26.12.2023","35135",,"19.03.2024","31.12.2024","1539906,22","0",,,"133","231","26","26.12.2023","1855/23","35135","NullИлиПусто"
"232","19","1065313","ООО РУБЕЖ -М","1660045810","1855/23","26.12.2023","35136",,"19.03.2024","30.11.2025","82530887,83","0",,,"133","232","26","26.12.2023","1855/23","35136","NullИлиПусто"
"233","19","1065313","ООО РУБЕЖ -М","1660045810","1854/23","25.12.2023","35139",,"21.03.2024","30.11.2025","54266472","0",,,"133","233","26","25.12.2023","1854/23","35139","NullИлиПусто"
"234","19","1065313","ООО РУБЕЖ -М","1660045810","1855/23","26.12.2023","35254",,"19.03.2024","31.12.2024","2500000","0",,,"133","234","26","26.12.2023","1855/23","35254","NullИлиПусто"
"235","19","1065313","ООО РУБЕЖ -М","1660045810","1855/23","26.12.2023","35255",,"19.03.2024","30.11.2025","40656874","0",,,"133","235","26","26.12.2023","1855/23","35255","NullИлиПусто"
"236","19","1072260","ООО ГАЗПРОМ РСИ","7806108193","29/0203/23","27.09.2023","111154",,"14.10.2024","30.06.2025","2320658333,33","0",,,"133","236","26","27.09.2023","29/0203/23","111154","NullИлиПусто"
"237","19","1072260","ООО ГАЗПРОМ РСИ","7806108193","29/0203/23","27.09.2023","124203",,"17.10.2023","30.06.2025","375000000","0",,,"133","237","26","27.09.2023","29/0203/23","124203","NullИлиПусто"
"238","19","1072260","ООО ГАЗПРОМ РСИ","7806108193","29/0203/23","27.09.2023","124204",,"17.10.2023","30.06.2025","416666666,67","0",,,"133","238","26","27.09.2023","29/0203/23","124204","NullИлиПусто"
"239","19","1072260","ООО ГАЗПРОМ РСИ","7806108193","29/0203/23","27.09.2023","124856",,"17.10.2023","30.06.2025","1309166666,67","0",,,"133","239","26","27.09.2023","29/0203/23","124856","NullИлиПусто"
"240","19","1072260","ООО ГАЗПРОМ РСИ","7806108193","29/0203/23","27.09.2023","23118",,"14.02.2024","30.06.2025","808333333,33","0",,,"133","240","26","27.09.2023","29/0203/23","23118","NullИлиПусто"
"241","19","1117254","ООО СБ ""МАРИТ","7724718078","1848/23","26.12.2023","38072",,"28.03.2024","30.11.2025","62535323,08","0",,,"133","241","26","26.12.2023","1848/23","38072","NullИлиПусто"
"242","19","1117254","ООО СБ ""МАРИТ","7724718078","1848/23","26.12.2023","39446",,"01.04.2024","30.11.2025","482751,53","0",,,"133","242","26","26.12.2023","1848/23","39446","NullИлиПусто"
"243","19","1117254","ООО СБ ""МАРИТ","7724718078","1848/23","26.12.2023","39492",,"01.04.2024","31.12.2024","68298,47","0",,,"133","243","26","26.12.2023","1848/23","39492","NullИлиПусто"
"244","19","1163006","АО РГД","7705529981","0675/19","05.06.2019","105140",,"04.09.2023","31.12.2024","692028530,02","0",,,"133","244","26","05.06.2019","0675/19","105140","NullИлиПусто"
"245","19","1163006","АО РГД","7705529981","0675/19","05.06.2019","129847",,"26.10.2023","31.12.2024","465198568,02","0",,,"133","245","26","05.06.2019","0675/19","129847","NullИлиПусто"
"246","19","1163006","АО РГД","7705529981","0675/19","05.06.2019","129848",,"26.10.2023","31.12.2024","363976431,98","0",,,"133","246","26","05.06.2019","0675/19","129848","NullИлиПусто"
"247","19","1163006","АО РГД","7705529981","0675/19","05.06.2019","143838",,"23.08.2024","31.12.2025","1625917180,62","0",,,"133","247","26","05.06.2019","0675/19","143838","NullИлиПусто"
"248","19","1163006","АО РГД","7705529981","0675/19","05.06.2019","164677",,"26.08.2024","31.12.2025","9310412,49","0",,,"133","248","26","05.06.2019","0675/19","164677","NullИлиПусто"
"249","19","1163006","АО РГД","7705529981","0675/19","05.06.2019","43096",,"11.04.2024","31.12.2025","1357500000","0",,,"133","249","26","05.06.2019","0675/19","43096","NullИлиПусто"
"250","19","1163006","АО РГД","7705529981","0675/19","05.06.2019","548395",,"13.12.2024","31.12.2025","1666666666,67","0",,,"133","250","26","05.06.2019","0675/19","548395","NullИлиПусто"
"251","19","1163006","АО РГД","7705529981","0675/19","05.06.2019","619274",,"12.07.2024","31.12.2025","589352610,82","0",,,"133","251","26","05.06.2019","0675/19","619274","NullИлиПусто"
"252","19","1163006","АО РГД","7705529981","0675/19","05.06.2019","638875",,"15.07.2024","31.12.2025","75967306,66","0",,,"133","252","26","05.06.2019","0675/19","638875","NullИлиПусто"
"253","19","1163006","АО РГД","7705529981","0675/19","05.06.2019","678346",,"17.07.2024","31.12.2025","1824490,47","0",,,"133","253","26","05.06.2019","0675/19","678346","NullИлиПусто"
"254","19","1163006","АО РГД","7705529981","0675/19","05.06.2019","690983",,"18.07.2024","31.12.2025","2847,09","0",,,"133","254","26","05.06.2019","0675/19","690983","NullИлиПусто"
"255","19","1163006","АО РГД","7705529981","0675/19","05.06.2019","704849",,"19.07.2024","31.12.2025","12441013,21","0",,,"133","255","26","05.06.2019","0675/19","704849","NullИлиПусто"
"256","19","1163006","АО РГД","7705529981","0675/19","05.06.2019","72586",,"20.06.2023","31.12.2024","383270433,24","0",,,"133","256","26","05.06.2019","0675/19","72586","NullИлиПусто"
"257","19","1163006","АО РГД","7705529981","0675/19","05.06.2019","761216",,"24.07.2024","31.12.2025","1053079,62","0",,,"133","257","26","05.06.2019","0675/19","761216","NullИлиПусто"
"258","19","1163006","АО РГД","7705529981","0675/19","05.06.2019","775744",,"25.07.2024","31.12.2025","2345703,86","0",,,"133","258","26","05.06.2019","0675/19","775744","NullИлиПусто"
"259","19","1163006","АО РГД","7705529981","0675/19","05.06.2019","788982",,"26.07.2024","31.12.2025","8412948,27","0",,,"133","259","26","05.06.2019","0675/19","788982","NullИлиПусто"
"260","19","1163006","АО РГД","7705529981","0675/19","05.06.2019","90299",,"01.08.2023","31.12.2024","291666666,67","0",,,"133","260","26","05.06.2019","0675/19","90299","NullИлиПусто"
"261","19","1163006","АО РГД","7705529981","0675/19","05.06.2019","90300",,"01.08.2023","31.12.2024","1958324075,78","0",,,"133","261","26","05.06.2019","0675/19","90300","NullИлиПусто"
"262","19","1169947","ООО ГК ""СТРОЙМОНТАЖИНВЕСТ""","7704842704","01ГП-ДКС/023-2004688","22.01.2020","3719",,"11.02.2020","31.12.2020","19812387,28","19812387,28",,,"133","262","26","22.01.2020","01ГП-ДКС/023-2004688","3719","NullИлиПусто"
"263","19","1184436","ООО ТЕХНОСПЕЦСТРОЙ","7224049654","1728/20","20.08.2020","42626",,"23.03.2023","31.03.2024","90070315,02","90070315,02",,,"133","263","26","20.08.2020","1728/20","42626","NullИлиПусто"
"264","19","1184436","ООО ТЕХНОСПЕЦСТРОЙ","7224049654","25/201/1789/24","17.07.2024","99572",,"11.09.2024","31.12.2024","23775000","0",,,"133","264","26","17.07.2024","25/201/1789/24","99572","NullИлиПусто"
"265","19","1194050","ООО ПНГИ","7804511512","СМР-2000793-2022","14.02.2022","39965",,"23.03.2023","31.12.2023","16825000","16825000",,,"133","265","26","14.02.2022","СМР-2000793-2022","39965","NullИлиПусто"
"266","19","1209265","ООО НГТИИ","7814605287","ПАД СЕГ-123-2020","24.11.2020","112719",,"20.09.2023","31.12.2023","26075000","26075000",,,"133","266","26","24.11.2020","ПАД СЕГ-123-2020","112719","NullИлиПусто"
"267","19","1209265","ООО НГТИИ","7814605287","ПАД СЕГ-123-2020","24.11.2020","32697",,"23.03.2022","31.12.2023","127085833,33","127085833,33",,,"133","267","26","24.11.2020","ПАД СЕГ-123-2020","32697","NullИлиПусто"
"268","19","1209265","ООО НГТИИ","7814605287","ПАД СЕГ-123-2020","24.11.2020","85200",,"22.11.2021","31.12.2023","53635693,79","53635693,79",,,"133","268","26","24.11.2020","ПАД СЕГ-123-2020","85200","NullИлиПусто"
"269","19","1223942","ООО ФРАКДЖЕТ-СТРОЙ","7728312689","АД-1/21","09.07.2021","119892",,"29.10.2024","30.11.2024","81666666,67","81666666,67",,,"133","269","26","09.07.2021","АД-1/21","119892","NullИлиПусто"
"270","19","1248153","ООО ИНТЕХСТРОЙ","7704449388","2020/ЗНГКМ-ИТС","16.06.2020","30322",,"07.07.2021","21.12.2023","22463069,97","22463069,97",,,"133","270","26","16.06.2020","2020/ЗНГКМ-ИТС","30322","NullИлиПусто"
"271","19","1248153","ООО ИНТЕХСТРОЙ","7704449388","2020/ЗНГКМ-ИТС","16.06.2020","49750",,"07.07.2021","21.12.2023","11040000","11040000",,,"133","271","26","16.06.2020","2020/ЗНГКМ-ИТС","49750","NullИлиПусто"
"272","19","1248153","ООО ИНТЕХСТРОЙ","7704449388","2020/ЗНГКМ-ИТС","16.06.2020","49991",,"07.07.2021","21.12.2023","66480000","66480000",,,"133","272","26","16.06.2020","2020/ЗНГКМ-ИТС","49991","NullИлиПусто"
"273","19","1248153","ООО ИНТЕХСТРОЙ","7704449388","2020/ЗНГКМ-ИТС","16.06.2020","57431",,"30.07.2021","21.12.2023","144000000","144000000",,,"133","273","26","16.06.2020","2020/ЗНГКМ-ИТС","57431","NullИлиПусто"
"274","19","1250583","ООО СПЕЦСТРОЙИНЖИНИРИНГ","3661085351","1866/23","26.12.2023","132779",,"26.11.2024","30.11.2025","8331292,48","0",,,"133","274","26","26.12.2023","1866/23","132779","NullИлиПусто"
"275","19","1250583","ООО СПЕЦСТРОЙИНЖИНИРИНГ","3661085351","1668/23","27.12.2023","132853",,"26.11.2024","30.11.2025","26781775,17","0",,,"133","275","26","27.12.2023","1668/23","132853","NullИлиПусто"
"276","19","1250583","ООО СПЕЦСТРОЙИНЖИНИРИНГ","3661085351","1739/23","26.12.2023","133214",,"26.11.2024","30.11.2025","8538062,17","0",,,"133","276","26","26.12.2023","1739/23","133214","NullИлиПусто"
"277","19","1250583","ООО СПЕЦСТРОЙИНЖИНИРИНГ","3661085351","1739/23","26.12.2023","133215",,"26.11.2024","30.11.2025","1019818,67","0",,,"133","277","26","26.12.2023","1739/23","133215","NullИлиПусто"
"278","19","1250583","ООО СПЕЦСТРОЙИНЖИНИРИНГ","3661085351","1864/23","25.12.2023","133256",,"28.11.2024","30.11.2025","79626348,5","0",,,"133","278","26","25.12.2023","1864/23","133256","NullИлиПусто"
"279","19","1250583","ООО СПЕЦСТРОЙИНЖИНИРИНГ","3661085351","1864/23","25.12.2023","133257",,"28.11.2024","30.11.2025","9505776,17","0",,,"133","279","26","25.12.2023","1864/23","133257","NullИлиПусто"
"280","19","1250583","ООО СПЕЦСТРОЙИНЖИНИРИНГ","3661085351","1739/23","26.12.2023","25870",,"22.02.2024","30.11.2025","4257661,91","0",,,"133","280","26","26.12.2023","1739/23","25870","NullИлиПусто"
"281","19","1250583","ООО СПЕЦСТРОЙИНЖИНИРИНГ","3661085351","1739/23","26.12.2023","25871",,"22.02.2024","30.11.2025","9058333,33","0",,,"133","281","26","26.12.2023","1739/23","25871","NullИлиПусто"
"282","19","1250583","ООО СПЕЦСТРОЙИНЖИНИРИНГ","3661085351","1668/23","27.12.2023","26137",,"22.02.2024","30.11.2025","491842,47","0",,,"133","282","26","27.12.2023","1668/23","26137","NullИлиПусто"
"283","19","1250583","ООО СПЕЦСТРОЙИНЖИНИРИНГ","3661085351","1668/23","27.12.2023","26139",,"22.02.2024","30.11.2025","6004747,5","0",,,"133","283","26","27.12.2023","1668/23","26139","NullИлиПусто"
"284","19","1250583","ООО СПЕЦСТРОЙИНЖИНИРИНГ","3661085351","1864/23","25.12.2023","26212",,"22.02.2024","30.11.2025","495988,61","0",,,"133","284","26","25.12.2023","1864/23","26212","NullИлиПусто"
"285","19","1250583","ООО СПЕЦСТРОЙИНЖИНИРИНГ","3661085351","1864/23","25.12.2023","26213",,"22.02.2024","30.11.2025","6796231,33","0",,,"133","285","26","25.12.2023","1864/23","26213","NullИлиПусто"
"286","19","1251326","ООО РУСГАЗШЕЛЬФ","7719472189","0226/20","01.12.2021","105287",,"04.09.2023","31.12.2024","550623884,26","0",,,"133","286","26","01.12.2021","0226/20","105287","NullИлиПусто"
"287","19","1251326","ООО РУСГАЗШЕЛЬФ","7719472189","0226/20","01.12.2021","105288",,"04.09.2023","31.12.2024","890391797,97","0",,,"133","287","26","01.12.2021","0226/20","105288","NullИлиПусто"
"288","19","1251326","ООО РУСГАЗШЕЛЬФ","7719472189","0226/20","01.12.2021","105289",,"04.09.2023","31.12.2024","207657132,92","0",,,"133","288","26","01.12.2021","0226/20","105289","NullИлиПусто"
"289","19","1251326","ООО РУСГАЗШЕЛЬФ","7719472189","0226/20","01.12.2021","116251",,"22.11.2022","31.12.2024","1255580000","0",,,"133","289","26","01.12.2021","0226/20","116251","NullИлиПусто"
"290","19","1251326","ООО РУСГАЗШЕЛЬФ","7719472189","0226/20","01.12.2021","130082",,"26.10.2023","31.12.2024","170480083,33","0",,,"133","290","26","01.12.2021","0226/20","130082","NullИлиПусто"
"291","19","1251326","ООО РУСГАЗШЕЛЬФ","7719472189","0226/20","01.12.2021","131678",,"22.08.2024","31.12.2025","15125028,67","0",,,"133","291","26","01.12.2021","0226/20","131678","NullИлиПусто"
"292","19","1251326","ООО РУСГАЗШЕЛЬФ","7719472189","0226/20","01.12.2021","143810",,"23.08.2024","31.12.2025","41584230,12","0",,,"133","292","26","01.12.2021","0226/20","143810","NullИлиПусто"
"293","19","1251326","ООО РУСГАЗШЕЛЬФ","7719472189","0226/20","01.12.2021","143813",,"23.08.2024","31.12.2025","263434898,25","0",,,"133","293","26","01.12.2021","0226/20","143813","NullИлиПусто"
"294","19","1251326","ООО РУСГАЗШЕЛЬФ","7719472189","0226/20","01.12.2021","143825",,"23.08.2024","31.12.2026","717348207,45","0",,,"133","294","26","01.12.2021","0226/20","143825","NullИлиПусто"
"295","19","1251326","ООО РУСГАЗШЕЛЬФ","7719472189","0226/20","01.12.2021","156937",,"19.12.2023","31.12.2024","285374200","0",,,"133","295","26","01.12.2021","0226/20","156937","NullИлиПусто"
"296","19","1251326","ООО РУСГАЗШЕЛЬФ","7719472189","0226/20","01.12.2021","156938",,"19.12.2023","31.12.2024","552301941,33","0",,,"133","296","26","01.12.2021","0226/20","156938","NullИлиПусто"
"297","19","1251326","ООО РУСГАЗШЕЛЬФ","7719472189","0226/20","01.12.2021","156939",,"19.12.2023","31.12.2024","389792703,83","0",,,"133","297","26","01.12.2021","0226/20","156939","NullИлиПусто"
"298","19","1251326","ООО РУСГАЗШЕЛЬФ","7719472189","0226/20","01.12.2021","164674",,"26.08.2024","31.12.2026","355792338,9","0",,,"133","298","26","01.12.2021","0226/20","164674","NullИлиПусто"
"299","19","1251326","ООО РУСГАЗШЕЛЬФ","7719472189","0226/20","01.12.2021","164675",,"26.08.2024","31.12.2025","201370255,62","0",,,"133","299","26","01.12.2021","0226/20","164675","NullИлиПусто"
"300","19","1251326","ООО РУСГАЗШЕЛЬФ","7719472189","0226/20","01.12.2021","170100",,"26.08.2024","31.12.2025","72420,66","0",,,"133","300","26","01.12.2021","0226/20","170100","NullИлиПусто"
"301","19","1251326","ООО РУСГАЗШЕЛЬФ","7719472189","0226/20","01.12.2021","203508",,"28.08.2024","31.12.2025","11990550","0",,,"133","301","26","01.12.2021","0226/20","203508","NullИлиПусто"
"302","19","1251326","ООО РУСГАЗШЕЛЬФ","7719472189","0226/20","01.12.2021","218084",,"29.08.2024","31.12.2025","76525262,57","0",,,"133","302","26","01.12.2021","0226/20","218084","NullИлиПусто"
"303","19","1251326","ООО РУСГАЗШЕЛЬФ","7719472189","0226/20","01.12.2021","22563",,"14.02.2024","31.12.2026","1271806182,52","0",,,"133","303","26","01.12.2021","0226/20","22563","NullИлиПусто"
"304","19","1251326","ООО РУСГАЗШЕЛЬФ","7719472189","0226/20","01.12.2021","231402",,"30.08.2024","31.12.2025","317708177,82","0",,,"133","304","26","01.12.2021","0226/20","231402","NullИлиПусто"
"305","19","1251326","ООО РУСГАЗШЕЛЬФ","7719472189","0226/20","01.12.2021","231403",,"30.08.2024","31.12.2025","912128392,1","0",,,"133","305","26","01.12.2021","0226/20","231403","NullИлиПусто"
"306","19","1251326","ООО РУСГАЗШЕЛЬФ","7719472189","0226/20","01.12.2021","234334",,"30.08.2024","31.12.2025","113926,67","0",,,"133","306","26","01.12.2021","0226/20","234334","NullИлиПусто"
"307","19","1251326","ООО РУСГАЗШЕЛЬФ","7719472189","0226/20","01.12.2021","30853",,"27.02.2023","31.12.2024","848670191,83","0",,,"133","307","26","01.12.2021","0226/20","30853","NullИлиПусто"
"308","19","1251326","ООО РУСГАЗШЕЛЬФ","7719472189","0226/20","01.12.2021","347030",,"29.11.2024","31.12.2025","2943678689,04","0",,,"133","308","26","01.12.2021","0226/20","347030","NullИлиПусто"
"309","19","1251326","ООО РУСГАЗШЕЛЬФ","7719472189","0226/20","01.12.2021","527964",,"24.09.2024","31.12.2025","34232088,12","0",,,"133","309","26","01.12.2021","0226/20","527964","NullИлиПусто"
"310","19","1251326","ООО РУСГАЗШЕЛЬФ","7719472189","0226/20","01.12.2021","528731",,"24.09.2024","31.12.2025","86400267,67","0",,,"133","310","26","01.12.2021","0226/20","528731","NullИлиПусто"
"311","19","1251326","ООО РУСГАЗШЕЛЬФ","7719472189","0226/20","01.12.2021","54326",,"21.05.2024","31.12.2025","721403750,47","0",,,"133","311","26","01.12.2021","0226/20","54326","NullИлиПусто"
"312","19","1251326","ООО РУСГАЗШЕЛЬФ","7719472189","0226/20","01.12.2021","54327",,"21.05.2024","31.12.2024","1494516666,67","0",,,"133","312","26","01.12.2021","0226/20","54327","NullИлиПусто"
"313","19","1251326","ООО РУСГАЗШЕЛЬФ","7719472189","0226/20","01.12.2021","54328",,"21.05.2024","31.12.2024","4369825627,39","0",,,"133","313","26","01.12.2021","0226/20","54328","NullИлиПусто"
"314","19","1251326","ООО РУСГАЗШЕЛЬФ","7719472189","0226/20","01.12.2021","54329",,"21.05.2024","31.12.2025","283038000","0",,,"133","314","26","01.12.2021","0226/20","54329","NullИлиПусто"
"315","19","1251326","ООО РУСГАЗШЕЛЬФ","7719472189","0226/20","01.12.2021","544095",,"25.09.2024","31.12.2025","11599055,07","0",,,"133","315","26","01.12.2021","0226/20","544095","NullИлиПусто"
"316","19","1251326","ООО РУСГАЗШЕЛЬФ","7719472189","0226/20","01.12.2021","54519",,"21.05.2024","31.12.2025","172685319,17","0",,,"133","316","26","01.12.2021","0226/20","54519","NullИлиПусто"
"317","19","1251326","ООО РУСГАЗШЕЛЬФ","7719472189","0226/20","01.12.2021","548394",,"13.12.2024","31.12.2025","2513952262,91","0",,,"133","317","26","01.12.2021","0226/20","548394","NullИлиПусто"
"318","19","1251326","ООО РУСГАЗШЕЛЬФ","7719472189","0226/20","01.12.2021","548396",,"13.12.2024","31.12.2025","684957940,33","0",,,"133","318","26","01.12.2021","0226/20","548396","NullИлиПусто"
"319","19","1251326","ООО РУСГАЗШЕЛЬФ","7719472189","0226/20","01.12.2021","55012",,"16.08.2024","31.12.2025","1000011433,71","0",,,"133","319","26","01.12.2021","0226/20","55012","NullИлиПусто"
"320","19","1251326","ООО РУСГАЗШЕЛЬФ","7719472189","0226/20","01.12.2021","55147",,"21.05.2024","31.12.2025","79858800","0",,,"133","320","26","01.12.2021","0226/20","55147","NullИлиПусто"
"321","19","1251326","ООО РУСГАЗШЕЛЬФ","7719472189","0226/20","01.12.2021","55773",,"22.05.2024","31.12.2025","334072422","0",,,"133","321","26","01.12.2021","0226/20","55773","NullИлиПусто"
"322","19","1251326","ООО РУСГАЗШЕЛЬФ","7719472189","0226/20","01.12.2021","56532",,"02.05.2023","31.12.2024","6725266225,31","0",,,"133","322","26","01.12.2021","0226/20","56532","NullИлиПусто"
"323","19","1251326","ООО РУСГАЗШЕЛЬФ","7719472189","0226/20","01.12.2021","572330",,"27.09.2024","31.12.2025","523052602,33","0",,,"133","323","26","01.12.2021","0226/20","572330","NullИлиПусто"
"324","19","1251326","ООО РУСГАЗШЕЛЬФ","7719472189","0226/20","01.12.2021","572331",,"27.09.2024","31.12.2025","154725790,8","0",,,"133","324","26","01.12.2021","0226/20","572331","NullИлиПусто"
"325","19","1251326","ООО РУСГАЗШЕЛЬФ","7719472189","0226/20","01.12.2021","572332",,"27.09.2024","31.12.2025","2275283574,77","0",,,"133","325","26","01.12.2021","0226/20","572332","NullИлиПусто"
"326","19","1251326","ООО РУСГАЗШЕЛЬФ","7719472189","0226/20","01.12.2021","622705",,"18.12.2024","31.12.2025","27535987,05","0",,,"133","326","26","01.12.2021","0226/20","622705","NullИлиПусто"
"327","19","1251326","ООО РУСГАЗШЕЛЬФ","7719472189","0226/20","01.12.2021","656333",,"20.12.2024","31.12.2025","4007767598,67","0",,,"133","327","26","01.12.2021","0226/20","656333","NullИлиПусто"
"328","19","1251326","ООО РУСГАЗШЕЛЬФ","7719472189","0226/20","01.12.2021","656334",,"20.12.2024","31.01.2025","1158730140,72","0",,,"133","328","26","01.12.2021","0226/20","656334","NullИлиПусто"
"329","19","1251326","ООО РУСГАЗШЕЛЬФ","7719472189","0226/20","01.12.2021","656335",,"20.12.2024","29.12.2028","851634917,67","0",,,"133","329","26","01.12.2021","0226/20","656335","NullИлиПусто"
"330","19","1251326","ООО РУСГАЗШЕЛЬФ","7719472189","0226/20","01.12.2021","678401",,"23.12.2024","29.12.2028","66393632,65","0",,,"133","330","26","01.12.2021","0226/20","678401","NullИлиПусто"
"331","19","1251326","ООО РУСГАЗШЕЛЬФ","7719472189","0226/20","01.12.2021","68786",,"09.06.2023","31.12.2024","2877983333,33","0",,,"133","331","26","01.12.2021","0226/20","68786","NullИлиПусто"
"332","19","1251326","ООО РУСГАЗШЕЛЬФ","7719472189","0226/20","01.12.2021","68787",,"09.06.2023","31.12.2024","153839232,32","0",,,"133","332","26","01.12.2021","0226/20","68787","NullИлиПусто"
"333","19","1251326","ООО РУСГАЗШЕЛЬФ","7719472189","0226/20","01.12.2021","68789",,"09.06.2023","31.12.2024","709117093,79","0",,,"133","333","26","01.12.2021","0226/20","68789","NullИлиПусто"
"334","19","1251326","ООО РУСГАЗШЕЛЬФ","7719472189","0226/20","01.12.2021","70105",,"27.07.2022","31.12.2024","1236097415","0",,,"133","334","26","01.12.2021","0226/20","70105","NullИлиПусто"
"335","19","1251326","ООО РУСГАЗШЕЛЬФ","7719472189","0226/20","01.12.2021","704583",,"19.07.2024","31.12.2026","1850292538,17","0",,,"133","335","26","01.12.2021","0226/20","704583","NullИлиПусто"
"336","19","1251326","ООО РУСГАЗШЕЛЬФ","7719472189","0226/20","01.12.2021","704584",,"19.07.2024","31.12.2025","88309867,58","0",,,"133","336","26","01.12.2021","0226/20","704584","NullИлиПусто"
"337","19","1251326","ООО РУСГАЗШЕЛЬФ","7719472189","0226/20","01.12.2021","704585",,"19.07.2024","31.12.2025","213567365,29","0",,,"133","337","26","01.12.2021","0226/20","704585","NullИлиПусто"
"338","19","1251326","ООО РУСГАЗШЕЛЬФ","7719472189","0226/20","01.12.2021","707422",,"19.07.2024","31.12.2025","154783,19","0",,,"133","338","26","01.12.2021","0226/20","707422","NullИлиПусто"
"339","19","1251326","ООО РУСГАЗШЕЛЬФ","7719472189","0226/20","01.12.2021","70805",,"14.06.2023","31.12.2024","3503508333,34","0",,,"133","339","26","01.12.2021","0226/20","70805","NullИлиПусто"
"340","19","1251326","ООО РУСГАЗШЕЛЬФ","7719472189","0226/20","01.12.2021","718400",,"22.07.2024","31.12.2025","323709012,34","0",,,"133","340","26","01.12.2021","0226/20","718400","NullИлиПусто"
"341","19","1251326","ООО РУСГАЗШЕЛЬФ","7719472189","0226/20","01.12.2021","740822",,"26.12.2024","29.12.2028","101716919,23","0",,,"133","341","26","01.12.2021","0226/20","740822","NullИлиПусто"
"342","19","1251326","ООО РУСГАЗШЕЛЬФ","7719472189","0226/20","01.12.2021","761217",,"24.07.2024","31.12.2025","41533,22","0",,,"133","342","26","01.12.2021","0226/20","761217","NullИлиПусто"
"343","19","1251326","ООО РУСГАЗШЕЛЬФ","7719472189","0226/20","01.12.2021","775746",,"25.07.2024","31.12.2025","10984199,17","0",,,"133","343","26","01.12.2021","0226/20","775746","NullИлиПусто"
"344","19","1251326","ООО РУСГАЗШЕЛЬФ","7719472189","0226/20","01.12.2021","782881",,"28.12.2024","29.12.2028","402221863,78","0",,,"133","344","26","01.12.2021","0226/20","782881","NullИлиПусто"
"345","19","1251326","ООО РУСГАЗШЕЛЬФ","7719472189","0226/20","01.12.2021","792595",,"26.07.2024","31.12.2025","15052468,42","0",,,"133","345","26","01.12.2021","0226/20","792595","NullИлиПусто"
"346","19","1251326","ООО РУСГАЗШЕЛЬФ","7719472189","0226/20","01.12.2021","792596",,"26.07.2024","31.12.2025","436671466,7","0",,,"133","346","26","01.12.2021","0226/20","792596","NullИлиПусто"
"347","19","1251326","ООО РУСГАЗШЕЛЬФ","7719472189","0226/20","01.12.2021","792597",,"26.07.2024","31.12.2026","1760930186","0",,,"133","347","26","01.12.2021","0226/20","792597","NullИлиПусто"
"348","19","1251326","ООО РУСГАЗШЕЛЬФ","7719472189","0226/20","01.12.2021","792598",,"26.07.2024","31.12.2024","161770468,69","0",,,"133","348","26","01.12.2021","0226/20","792598","NullИлиПусто"
"349","19","1251326","ООО РУСГАЗШЕЛЬФ","7719472189","0226/20","01.12.2021","79915",,"11.07.2023","31.12.2024","4414464904,25","0",,,"133","349","26","01.12.2021","0226/20","79915","NullИлиПусто"
"350","19","1251326","ООО РУСГАЗШЕЛЬФ","7719472189","0226/20","01.12.2021","82559",,"19.08.2024","31.12.2025","766290,83","0",,,"133","350","26","01.12.2021","0226/20","82559","NullИлиПусто"
"351","19","1251326","ООО РУСГАЗШЕЛЬФ","7719472189","0226/20","01.12.2021","843528",,"31.07.2024","31.12.2025","759699123,42","0",,,"133","351","26","01.12.2021","0226/20","843528","NullИлиПусто"
"352","19","1251326","ООО РУСГАЗШЕЛЬФ","7719472189","0226/20","01.12.2021","843544",,"31.07.2024","31.12.2025","3991086099,47","0",,,"133","352","26","01.12.2021","0226/20","843544","NullИлиПусто"
"353","19","1251326","ООО РУСГАЗШЕЛЬФ","7719472189","0226/20","01.12.2021","843545",,"31.07.2024","31.12.2024","364933333,33","0",,,"133","353","26","01.12.2021","0226/20","843545","NullИлиПусто"
"354","19","1251326","ООО РУСГАЗШЕЛЬФ","7719472189","0226/20","01.12.2021","843546",,"31.07.2024","31.12.2025","1534220258,71","0",,,"133","354","26","01.12.2021","0226/20","843546","NullИлиПусто"
"355","19","1251326","ООО РУСГАЗШЕЛЬФ","7719472189","0226/20","01.12.2021","849558",,"31.07.2024","31.12.2025","4554992,4","0",,,"133","355","26","01.12.2021","0226/20","849558","NullИлиПусто"
"356","19","1251326","ООО РУСГАЗШЕЛЬФ","7719472189","0226/20","01.12.2021","874216",,"02.08.2024","31.12.2025","716774519,86","0",,,"133","356","26","01.12.2021","0226/20","874216","NullИлиПусто"
"357","19","1251326","ООО РУСГАЗШЕЛЬФ","7719472189","0226/20","01.12.2021","876726",,"02.08.2024","31.12.2025","7204711,67","0",,,"133","357","26","01.12.2021","0226/20","876726","NullИлиПусто"
"358","19","1251326","ООО РУСГАЗШЕЛЬФ","7719472189","0226/20","01.12.2021","894658",,"05.08.2024","31.12.2025","542332303,28","0",,,"133","358","26","01.12.2021","0226/20","894658","NullИлиПусто"
"359","19","1251326","ООО РУСГАЗШЕЛЬФ","7719472189","0226/20","01.12.2021","914061",,"25.10.2024","31.12.2025","2110439660,31","0",,,"133","359","26","01.12.2021","0226/20","914061","NullИлиПусто"
"360","19","1251326","ООО РУСГАЗШЕЛЬФ","7719472189","0226/20","01.12.2021","914066",,"25.10.2024","31.12.2025","204773819,29","0",,,"133","360","26","01.12.2021","0226/20","914066","NullИлиПусто"
"361","19","1251326","ООО РУСГАЗШЕЛЬФ","7719472189","0226/20","01.12.2021","914067",,"25.10.2024","31.12.2025","1045226180,71","0",,,"133","361","26","01.12.2021","0226/20","914067","NullИлиПусто"
"362","19","1251326","ООО РУСГАЗШЕЛЬФ","7719472189","0226/20","01.12.2021","914068",,"25.10.2024","31.12.2025","1130305030,42","0",,,"133","362","26","01.12.2021","0226/20","914068","NullИлиПусто"
"363","19","1251326","ООО РУСГАЗШЕЛЬФ","7719472189","0226/20","01.12.2021","934967",,"28.10.2024","31.12.2025","50296770,57","0",,,"133","363","26","01.12.2021","0226/20","934967","NullИлиПусто"
"364","19","1251326","ООО РУСГАЗШЕЛЬФ","7719472189","0226/20","01.12.2021","93779",,"03.10.2022","31.12.2024","312350000","0",,,"133","364","26","01.12.2021","0226/20","93779","NullИлиПусто"
"365","19","1251326","ООО РУСГАЗШЕЛЬФ","7719472189","0226/20","01.12.2021","93843",,"08.08.2023","31.12.2024","1092134166","0",,,"133","365","26","01.12.2021","0226/20","93843","NullИлиПусто"
"366","19","1251326","ООО РУСГАЗШЕЛЬФ","7719472189","0226/20","01.12.2021","961923",,"09.08.2024","31.12.2025","111181926,13","0",,,"133","366","26","01.12.2021","0226/20","961923","NullИлиПусто"
"367","19","1251326","ООО РУСГАЗШЕЛЬФ","7719472189","0226/20","01.12.2021","967770",,"30.10.2024","31.12.2025","205,37","0",,,"133","367","26","01.12.2021","0226/20","967770","NullИлиПусто"
"368","19","1251326","ООО РУСГАЗШЕЛЬФ","7719472189","0226/20","01.12.2021","97440",,"15.08.2023","31.12.2024","292344527,87","0",,,"133","368","26","01.12.2021","0226/20","97440","NullИлиПусто"
"369","19","1251326","ООО РУСГАЗШЕЛЬФ","7719472189","0226/20","01.12.2021","97441",,"15.08.2023","31.12.2024","612407237,47","0",,,"133","369","26","01.12.2021","0226/20","97441","NullИлиПусто"
"370","19","1254704","ООО ЛОФТ","7825498238","1295/20","24.11.2020","131530",,"03.11.2023","31.12.2024","1166960000","0",,,"133","370","26","24.11.2020","1295/20","131530","NullИлиПусто"
"371","19","1254704","ООО ЛОФТ","7825498238","1295/20","24.11.2020","131531",,"03.11.2023","31.12.2024","1139550000","0",,,"133","371","26","24.11.2020","1295/20","131531","NullИлиПусто"
"372","19","1254704","ООО ЛОФТ","7825498238","1295/20","24.11.2020","21746",,"20.02.2021","31.12.2024","92763270,24","0",,,"133","372","26","24.11.2020","1295/20","21746","NullИлиПусто"
"373","19","1254704","ООО ЛОФТ","7825498238","1295/20","24.11.2020","38877",,"19.05.2021","31.12.2024","125000000","0",,,"133","373","26","24.11.2020","1295/20","38877","NullИлиПусто"
"374","19","1254704","ООО ЛОФТ","7825498238","1295/20","24.11.2020","39265",,"19.05.2021","31.12.2024","106905242","0",,,"133","374","26","24.11.2020","1295/20","39265","NullИлиПусто"
"375","19","1254704","ООО ЛОФТ","7825498238","1295/20","24.11.2020","58265",,"11.08.2021","31.12.2024","108920000","0",,,"133","375","26","24.11.2020","1295/20","58265","NullИлиПусто"
"376","19","1254704","ООО ЛОФТ","7825498238","1295/20","24.11.2020","58266",,"11.08.2021","31.12.2024","141080000","0",,,"133","376","26","24.11.2020","1295/20","58266","NullИлиПусто"
"377","19","1254704","ООО ЛОФТ","7825498238","1295/20","24.11.2020","65606",,"14.07.2022","31.12.2024","40597235,25","0",,,"133","377","26","24.11.2020","1295/20","65606","NullИлиПусто"
"378","19","1254704","ООО ЛОФТ","7825498238","1295/20","24.11.2020","78210",,"23.08.2022","31.12.2024","135000000","0",,,"133","378","26","24.11.2020","1295/20","78210","NullИлиПусто"
"379","19","1254704","ООО ЛОФТ","7825498238","1295/20","24.11.2020","78211",,"23.08.2022","31.12.2024","418710000","0",,,"133","379","26","24.11.2020","1295/20","78211","NullИлиПусто"
"380","19","1254704","ООО ЛОФТ","7825498238","1295/20","24.11.2020","88206",,"15.09.2022","31.12.2024","297807837,03","0",,,"133","380","26","24.11.2020","1295/20","88206","NullИлиПусто"
"381","19","1254704","ООО ЛОФТ","7825498238","1295/20","24.11.2020","88207",,"15.09.2022","31.12.2024","704041774,04","0",,,"133","381","26","24.11.2020","1295/20","88207","NullИлиПусто"
"382","19","1255573","ООО ПО ""ТРАНСГАЗ","9102014432","ТГ/ОМ/СУБ-035","19.10.2020","21747",,"28.02.2021","31.12.2022","35475301,87","35475301,87",,,"133","382","26","19.10.2020","ТГ/ОМ/СУБ-035","21747","NullИлиПусто"
"383","19","1255573","ООО ПО ""ТРАНСГАЗ","9102014432","ТГ/ОМ/СУБ-035","19.10.2020","57276",,"28.07.2021","31.12.2022","758540000","758540000",,,"133","383","26","19.10.2020","ТГ/ОМ/СУБ-035","57276","NullИлиПусто"
"384","19","1255867","АО ГАЗСТРОЙПРОМ","7842155505","1-306-12","03.09.2012","10000086740",,"27.07.2023","30.10.2024","0,01","0,01",,,"133","384","26","03.09.2012","1-306-12","10000086740","NullИлиПусто"
"385","19","1255867","АО ГАЗСТРОЙПРОМ","7842155505","МГ-2001182/2022","09.08.2022","100661",,"17.10.2022","31.12.2024","650819135,26","0",,,"133","385","26","09.08.2022","МГ-2001182/2022","100661","NullИлиПусто"
"386","19","1255867","АО ГАЗСТРОЙПРОМ","7842155505","30/0320/21","22.04.2022","100857",,"19.10.2022","31.12.2023","64591666,67","64591666,67",,,"133","386","26","22.04.2022","30/0320/21","100857","NullИлиПусто"
"387","19","1255867","АО ГАЗСТРОЙПРОМ","7842155505","34/0359/22","12.04.2023","101388",,"24.08.2023","31.12.2025","461129166,67","0",,,"133","387","26","12.04.2023","34/0359/22","101388","NullИлиПусто"
"388","19","1255867","АО ГАЗСТРОЙПРОМ","7842155505","34/0359/22","12.04.2023","101389",,"24.08.2023","31.12.2025","122204166,67","0",,,"133","388","26","12.04.2023","34/0359/22","101389","NullИлиПусто"
"389","19","1255867","АО ГАЗСТРОЙПРОМ","7842155505","1838-19","10.02.2020","101903",,"21.10.2022","31.12.2024","2769852,8","0",,,"133","389","26","10.02.2020","1838-19","101903","NullИлиПусто"
"390","19","1255867","АО ГАЗСТРОЙПРОМ","7842155505","27/0073/22","09.06.2022","105015",,"26.10.2022","31.12.2024","168516666,67","0",,,"133","390","26","09.06.2022","27/0073/22","105015","NullИлиПусто"
"391","19","1255867","АО ГАЗСТРОЙПРОМ","7842155505","03-652/07-18-534-АУ/","07.05.2019","105442",,"26.10.2022","31.12.2024","127009694,92","0",,,"133","391","26","07.05.2019","03-652/07-18-534-АУ/","105442","NullИлиПусто"
"392","19","1255867","АО ГАЗСТРОЙПРОМ","7842155505","34/0160/23","25.06.2024","106369",,"11.11.2024","30.09.2025","208333333,33","0",,,"133","392","26","25.06.2024","34/0160/23","106369","NullИлиПусто"
"393","19","1255867","АО ГАЗСТРОЙПРОМ","7842155505","1838-19","10.02.2020","107383",,"03.11.2022","31.12.2024","556483,97","0",,,"133","393","26","10.02.2020","1838-19","107383","NullИлиПусто"
"394","19","1255867","АО ГАЗСТРОЙПРОМ","7842155505","34/0160/23","25.06.2024","113024",,"21.08.2024","31.12.2024","388713090,66","0",,,"133","394","26","25.06.2024","34/0160/23","113024","NullИлиПусто"
"395","19","1255867","АО ГАЗСТРОЙПРОМ","7842155505","СМР-2000815-2022","21.04.2022","113313",,"15.11.2022","30.09.2024","169530972,67","169530972,67",,,"133","395","26","21.04.2022","СМР-2000815-2022","113313","NullИлиПусто"
"396","19","1255867","АО ГАЗСТРОЙПРОМ","7842155505","2269/19","01.10.2019","117138",,"24.11.2022","31.12.2024","2195534740,31","0",,,"133","396","26","01.10.2019","2269/19","117138","NullИлиПусто"
"397","19","1255867","АО ГАЗСТРОЙПРОМ","7842155505","СМР-2004681-2022","21.10.2022","123387",,"12.12.2022","31.12.2023","100945617,45","100945617,45",,,"133","397","26","21.10.2022","СМР-2004681-2022","123387","NullИлиПусто"
"398","19","1255867","АО ГАЗСТРОЙПРОМ","7842155505","СМР-2004681-2022","21.10.2022","123388",,"12.12.2022","31.12.2023","55852945,32","55852945,32",,,"133","398","26","21.10.2022","СМР-2004681-2022","123388","NullИлиПусто"
"399","19","1255867","АО ГАЗСТРОЙПРОМ","7842155505","25/201/0111/22","01.03.2022","124380",,"09.12.2022","31.12.2025","190833333,33","0",,,"133","399","26","01.03.2022","25/201/0111/22","124380","NullИлиПусто"
"400","19","1255867","АО ГАЗСТРОЙПРОМ","7842155505","2269/19","01.10.2019","125081",,"12.12.2022","31.12.2024","2382301832,35","0",,,"133","400","26","01.10.2019","2269/19","125081","NullИлиПусто"
"401","19","1255867","АО ГАЗСТРОЙПРОМ","7842155505","1-306-12","03.09.2012","125572",,"01.08.2023","30.10.2024","128568286,11","128568286,11",,,"133","401","26","03.09.2012","1-306-12","125572","NullИлиПусто"
"402","19","1255867","АО ГАЗСТРОЙПРОМ","7842155505","1-306-12","03.09.2012","126962",,"01.08.2023","30.10.2024","9140868,77","9140868,77",,,"133","402","26","03.09.2012","1-306-12","126962","NullИлиПусто"
"403","19","1255867","АО ГАЗСТРОЙПРОМ","7842155505","0588-22","26.07.2022","127209",,"14.12.2022","31.12.2024","43807046,94","0",,,"133","403","26","26.07.2022","0588-22","127209","NullИлиПусто"
"404","19","1255867","АО ГАЗСТРОЙПРОМ","7842155505","27/0239/23","23.10.2023","127842",,"22.08.2024","31.12.2024","49701317,82","0",,,"133","404","26","23.10.2023","27/0239/23","127842","NullИлиПусто"
"405","19","1255867","АО ГАЗСТРОЙПРОМ","7842155505","28/0039/24","04.04.2024","127843",,"22.08.2024","31.12.2025","56851296,27","0",,,"133","405","26","04.04.2024","28/0039/24","127843","NullИлиПусто"
"406","19","1255867","АО ГАЗСТРОЙПРОМ","7842155505","28/0239/24","20.06.2024","127844",,"22.08.2024","31.12.2025","9957701,64","0",,,"133","406","26","20.06.2024","28/0239/24","127844","NullИлиПусто"
"407","19","1255867","АО ГАЗСТРОЙПРОМ","7842155505","34/0334/22","26.01.2023","127845",,"22.08.2024","31.12.2025","12250000","0",,,"133","407","26","26.01.2023","34/0334/22","127845","NullИлиПусто"
"408","19","1255867","АО ГАЗСТРОЙПРОМ","7842155505","1557/19","01.08.2019","128667",,"25.10.2023","31.01.2025","123916053,28","0",,,"133","408","26","01.08.2019","1557/19","128667","NullИлиПусто"
"409","19","1255867","АО ГАЗСТРОЙПРОМ","7842155505","2269/19","01.10.2019","12982",,"27.01.2023","31.12.2024","223395346,33","0",,,"133","409","26","01.10.2019","2269/19","12982","NullИлиПусто"
"410","19","1255867","АО ГАЗСТРОЙПРОМ","7842155505","1-306-12","03.09.2012","131",,"12.01.2021","30.10.2024","302653034,85","302653034,85",,,"133","410","26","03.09.2012","1-306-12","131","NullИлиПусто"
"411","19","1255867","АО ГАЗСТРОЙПРОМ","7842155505","25/201/0973/22","15.06.2022","133578",,"07.11.2023","31.12.2024","52195097,19","0",,,"133","411","26","15.06.2022","25/201/0973/22","133578","NullИлиПусто"
"412","19","1255867","АО ГАЗСТРОЙПРОМ","7842155505","25/201/0973/22","15.06.2022","133579",,"07.11.2023","31.12.2024","45949720,1","0",,,"133","412","26","15.06.2022","25/201/0973/22","133579","NullИлиПусто"
"413","19","1255867","АО ГАЗСТРОЙПРОМ","7842155505","27/0239/23","23.10.2023","143812",,"23.08.2024","31.12.2024","184994186,74","0",,,"133","413","26","23.10.2023","27/0239/23","143812","NullИлиПусто"
"414","19","1255867","АО ГАЗСТРОЙПРОМ","7842155505","1684/19","13.09.2019","143826",,"23.08.2024","31.12.2024","599528479,97","0",,,"133","414","26","13.09.2019","1684/19","143826","NullИлиПусто"
"415","19","1255867","АО ГАЗСТРОЙПРОМ","7842155505","1684/19","13.09.2019","143827",,"23.08.2024","31.12.2024","632538191,9","0",,,"133","415","26","13.09.2019","1684/19","143827","NullИлиПусто"
"416","19","1255867","АО ГАЗСТРОЙПРОМ","7842155505","28/0396/23","04.12.2023","143828",,"23.08.2024","31.12.2024","29519471,69","0",,,"133","416","26","04.12.2023","28/0396/23","143828","NullИлиПусто"
"417","19","1255867","АО ГАЗСТРОЙПРОМ","7842155505","28/0394/23","04.12.2023","143830",,"23.08.2024","31.12.2025","271638536,04","0",,,"133","417","26","04.12.2023","28/0394/23","143830","NullИлиПусто"
"418","19","1255867","АО ГАЗСТРОЙПРОМ","7842155505","28/0002/24","13.03.2024","143831",,"23.08.2024","31.12.2025","1392850,26","0",,,"133","418","26","13.03.2024","28/0002/24","143831","NullИлиПусто"
"419","19","1255867","АО ГАЗСТРОЙПРОМ","7842155505","28/0247/23","20.10.2023","143839",,"23.08.2024","31.12.2024","128037980,89","0",,,"133","419","26","20.10.2023","28/0247/23","143839","NullИлиПусто"
"420","19","1255867","АО ГАЗСТРОЙПРОМ","7842155505","25/201/1057/24","18.06.2024","153407",,"14.11.2024","15.01.2025","40166666,67","0",,,"133","420","26","18.06.2024","25/201/1057/24","153407","NullИлиПусто"
"421","19","1255867","АО ГАЗСТРОЙПРОМ","7842155505","25/201/1062/24","19.06.2024","153408",,"14.11.2024","30.06.2025","56667381,87","0",,,"133","421","26","19.06.2024","25/201/1062/24","153408","NullИлиПусто"
"422","19","1255867","АО ГАЗСТРОЙПРОМ","7842155505","0654/19","28.06.2019","157565",,"19.12.2023","31.12.2024","2833333333,33","0",,,"133","422","26","28.06.2019","0654/19","157565","NullИлиПусто"
"423","19","1255867","АО ГАЗСТРОЙПРОМ","7842155505","27/0238/23","23.10.2023","164669",,"26.08.2024","31.12.2024","13014455,52","0",,,"133","423","26","23.10.2023","27/0238/23","164669","NullИлиПусто"
"424","19","1255867","АО ГАЗСТРОЙПРОМ","7842155505","27/0239/23","23.10.2023","164670",,"26.08.2024","31.12.2024","17432064,25","0",,,"133","424","26","23.10.2023","27/0239/23","164670","NullИлиПусто"
"425","19","1255867","АО ГАЗСТРОЙПРОМ","7842155505","25/201/1099/24","10.06.2024","164676",,"26.08.2024","31.12.2024","37500000","0",,,"133","425","26","10.06.2024","25/201/1099/24","164676","NullИлиПусто"
"426","19","1255867","АО ГАЗСТРОЙПРОМ","7842155505","28/0247/23","20.10.2023","164679",,"26.08.2024","31.12.2025","2788628685,77","0",,,"133","426","26","20.10.2023","28/0247/23","164679","NullИлиПусто"
"427","19","1255867","АО ГАЗСТРОЙПРОМ","7842155505","28/0247/23","20.10.2023","164680",,"26.08.2024","31.12.2024","494555825,42","0",,,"133","427","26","20.10.2023","28/0247/23","164680","NullИлиПусто"
"428","19","1255867","АО ГАЗСТРОЙПРОМ","7842155505","0654/19","28.06.2019","166136",,"29.12.2023","31.12.2024","510000000","0",,,"133","428","26","28.06.2019","0654/19","166136","NullИлиПусто"
"429","19","1255867","АО ГАЗСТРОЙПРОМ","7842155505","28/0256/23","04.12.2023","169788",,"15.11.2024","31.12.2025","20268760","0",,,"133","429","26","04.12.2023","28/0256/23","169788","NullИлиПусто"
"430","19","1255867","АО ГАЗСТРОЙПРОМ","7842155505","28/0256/23","04.12.2023","169789",,"15.11.2024","31.12.2025","25051409,32","0",,,"133","430","26","04.12.2023","28/0256/23","169789","NullИлиПусто"
"431","19","1255867","АО ГАЗСТРОЙПРОМ","7842155505","27/0238/23","23.10.2023","182633",,"27.08.2024","31.12.2024","108801056,12","0",,,"133","431","26","23.10.2023","27/0238/23","182633","NullИлиПусто"
"432","19","1255867","АО ГАЗСТРОЙПРОМ","7842155505","27/0238/23","23.10.2023","182634",,"27.08.2024","31.12.2024","240107407,87","0",,,"133","432","26","23.10.2023","27/0238/23","182634","NullИлиПусто"
"433","19","1255867","АО ГАЗСТРОЙПРОМ","7842155505","27/0239/23","23.10.2023","182635",,"27.08.2024","31.12.2024","130034587,43","0",,,"133","433","26","23.10.2023","27/0239/23","182635","NullИлиПусто"
"434","19","1255867","АО ГАЗСТРОЙПРОМ","7842155505","34/0334/22","26.01.2023","182636",,"27.08.2024","31.12.2025","15977784,52","0",,,"133","434","26","26.01.2023","34/0334/22","182636","NullИлиПусто"
"435","19","1255867","АО ГАЗСТРОЙПРОМ","7842155505","28/0394/23","04.12.2023","182639",,"27.08.2024","31.12.2025","13105796,28","0",,,"133","435","26","04.12.2023","28/0394/23","182639","NullИлиПусто"
"436","19","1255867","АО ГАЗСТРОЙПРОМ","7842155505","28/0002/24","13.03.2024","182640",,"27.08.2024","31.12.2025","98710094,1","0",,,"133","436","26","13.03.2024","28/0002/24","182640","NullИлиПусто"
"437","19","1255867","АО ГАЗСТРОЙПРОМ","7842155505","28/0247/23","20.10.2023","182641",,"27.08.2024","31.12.2024","568684289,47","0",,,"133","437","26","20.10.2023","28/0247/23","182641","NullИлиПусто"
"438","19","1255867","АО ГАЗСТРОЙПРОМ","7842155505","27/0018/22","30.03.2022","182982",,"28.02.2024","31.12.2024","39950624,63","0",,,"133","438","26","30.03.2022","27/0018/22","182982","NullИлиПусто"
"439","19","1255867","АО ГАЗСТРОЙПРОМ","7842155505","2581/21","16.07.2021","19326",,"14.08.2024","31.12.2024","97509037,52","0",,,"133","439","26","16.07.2021","2581/21","19326","NullИлиПусто"
"440","19","1255867","АО ГАЗСТРОЙПРОМ","7842155505","27/0238/23","23.10.2023","19327",,"14.08.2024","31.12.2024","10993387,25","0",,,"133","440","26","23.10.2023","27/0238/23","19327","NullИлиПусто"
"441","19","1255867","АО ГАЗСТРОЙПРОМ","7842155505","25/201/1057/24","18.06.2024","19331",,"14.08.2024","15.01.2025","82292129,82","0",,,"133","441","26","18.06.2024","25/201/1057/24","19331","NullИлиПусто"
"442","19","1255867","АО ГАЗСТРОЙПРОМ","7842155505","1838-19","10.02.2020","19332",,"14.08.2024","31.12.2024","401999362,49","0",,,"133","442","26","10.02.2020","1838-19","19332","NullИлиПусто"
"443","19","1255867","АО ГАЗСТРОЙПРОМ","7842155505","34/0334/22","26.01.2023","19333",,"14.08.2024","31.12.2025","16666666,67","0",,,"133","443","26","26.01.2023","34/0334/22","19333","NullИлиПусто"
"444","19","1255867","АО ГАЗСТРОЙПРОМ","7842155505","34/0334/22","26.01.2023","19334",,"14.08.2024","31.12.2024","3800000","0",,,"133","444","26","26.01.2023","34/0334/22","19334","NullИлиПусто"
"445","19","1255867","АО ГАЗСТРОЙПРОМ","7842155505","34/0334/22","26.01.2023","19335",,"14.08.2024","31.12.2025","19533333,33","0",,,"133","445","26","26.01.2023","34/0334/22","19335","NullИлиПусто"
"446","19","1255867","АО ГАЗСТРОЙПРОМ","7842155505","34/0160/23","25.06.2024","193770",,"18.11.2024","30.09.2025","16208204,5","0",,,"133","446","26","25.06.2024","34/0160/23","193770","NullИлиПусто"
"447","19","1255867","АО ГАЗСТРОЙПРОМ","7842155505","27/0018/22","30.03.2022","195485",,"29.02.2024","31.12.2024","26142543,33","0",,,"133","447","26","30.03.2022","27/0018/22","195485","NullИлиПусто"
"448","19","1255867","АО ГАЗСТРОЙПРОМ","7842155505","1-306-12","03.09.2012","197348",,"09.08.2023","30.10.2024","2629,51","2629,51",,,"133","448","26","03.09.2012","1-306-12","197348","NullИлиПусто"
"449","19","1255867","АО ГАЗСТРОЙПРОМ","7842155505","27/0239/23","23.10.2023","199717",,"28.08.2024","31.12.2025","4884403,84","0",,,"133","449","26","23.10.2023","27/0239/23","199717","NullИлиПусто"
"450","19","1255867","АО ГАЗСТРОЙПРОМ","7842155505","34/0255/23","19.07.2024","199719",,"28.08.2024","31.12.2024","735879","0",,,"133","450","26","19.07.2024","34/0255/23","199719","NullИлиПусто"
"451","19","1255867","АО ГАЗСТРОЙПРОМ","7842155505","34/0160/23","25.06.2024","199720",,"28.08.2024","31.12.2024","30452029,2","0",,,"133","451","26","25.06.2024","34/0160/23","199720","NullИлиПусто"
"452","19","1255867","АО ГАЗСТРОЙПРОМ","7842155505","28/0039/24","04.04.2024","199722",,"28.08.2024","31.12.2025","48499248,28","0",,,"133","452","26","04.04.2024","28/0039/24","199722","NullИлиПусто"
"453","19","1255867","АО ГАЗСТРОЙПРОМ","7842155505","34/0334/22","26.01.2023","199723",,"28.08.2024","31.12.2025","6583333,33","0",,,"133","453","26","26.01.2023","34/0334/22","199723","NullИлиПусто"
"454","19","1255867","АО ГАЗСТРОЙПРОМ","7842155505","28/0394/23","04.12.2023","199726",,"28.08.2024","31.12.2025","100259998,4","0",,,"133","454","26","04.12.2023","28/0394/23","199726","NullИлиПусто"
"455","19","1255867","АО ГАЗСТРОЙПРОМ","7842155505","28/0002/24","13.03.2024","199727",,"28.08.2024","31.12.2025","7566154,31","0",,,"133","455","26","13.03.2024","28/0002/24","199727","NullИлиПусто"
"456","19","1255867","АО ГАЗСТРОЙПРОМ","7842155505","28/0247/23","20.10.2023","199729",,"28.08.2024","31.12.2024","219555026,42","0",,,"133","456","26","20.10.2023","28/0247/23","199729","NullИлиПусто"
"457","19","1255867","АО ГАЗСТРОЙПРОМ","7842155505","28/0039/24","04.04.2024","199730",,"28.08.2024","31.12.2025","52504835,68","0",,,"133","457","26","04.04.2024","28/0039/24","199730","NullИлиПусто"
"458","19","1255867","АО ГАЗСТРОЙПРОМ","7842155505","28/0092/24","11.04.2024","199731",,"28.08.2024","31.12.2024","62437049,31","0",,,"133","458","26","11.04.2024","28/0092/24","199731","NullИлиПусто"
"459","19","1255867","АО ГАЗСТРОЙПРОМ","7842155505","1838-19","10.02.2020","207672",,"07.06.2024","31.12.2024","58478330,61","0",,,"133","459","26","10.02.2020","1838-19","207672","NullИлиПусто"
"460","19","1255867","АО ГАЗСТРОЙПРОМ","7842155505","28/0394/23","04.12.2023","208977",,"19.11.2024","31.12.2025","96546716,26","0",,,"133","460","26","04.12.2023","28/0394/23","208977","NullИлиПусто"
"461","19","1255867","АО ГАЗСТРОЙПРОМ","7842155505","1838-19","10.02.2020","208978",,"19.11.2024","31.12.2024","184427960,36","0",,,"133","461","26","10.02.2020","1838-19","208978","NullИлиПусто"
"462","19","1255867","АО ГАЗСТРОЙПРОМ","7842155505","27/0309/22","10.11.2022","214302",,"22.11.2023","31.12.2024","10948765,25","0",,,"133","462","26","10.11.2022","27/0309/22","214302","NullИлиПусто"
"463","19","1255867","АО ГАЗСТРОЙПРОМ","7842155505","27/0238/23","23.10.2023","216011",,"29.08.2024","31.12.2025","106666666,67","0",,,"133","463","26","23.10.2023","27/0238/23","216011","NullИлиПусто"
"464","19","1255867","АО ГАЗСТРОЙПРОМ","7842155505","27/0239/23","23.10.2023","216012",,"29.08.2024","31.12.2025","10589247,92","0",,,"133","464","26","23.10.2023","27/0239/23","216012","NullИлиПусто"
"465","19","1255867","АО ГАЗСТРОЙПРОМ","7842155505","28/0239/24","20.06.2024","216014",,"29.08.2024","31.12.2025","916627,64","0",,,"133","465","26","20.06.2024","28/0239/24","216014","NullИлиПусто"
"466","19","1255867","АО ГАЗСТРОЙПРОМ","7842155505","1210","03.09.2020","216020",,"29.08.2024","31.12.2024","515588895,11","0",,,"133","466","26","03.09.2020","1210","216020","NullИлиПусто"
"467","19","1255867","АО ГАЗСТРОЙПРОМ","7842155505","28/0394/23","04.12.2023","216021",,"29.08.2024","31.12.2025","6662335,94","0",,,"133","467","26","04.12.2023","28/0394/23","216021","NullИлиПусто"
"468","19","1255867","АО ГАЗСТРОЙПРОМ","7842155505","25/201/1099/24","10.06.2024","216024",,"29.08.2024","31.12.2024","58333333,33","0",,,"133","468","26","10.06.2024","25/201/1099/24","216024","NullИлиПусто"
"469","19","1255867","АО ГАЗСТРОЙПРОМ","7842155505","28/0247/23","20.10.2023","216025",,"29.08.2024","31.12.2024","137731239,58","0",,,"133","469","26","20.10.2023","28/0247/23","216025","NullИлиПусто"
"470","19","1255867","АО ГАЗСТРОЙПРОМ","7842155505","28/0064/24","15.04.2024","216026",,"29.08.2024","31.12.2025","175974577,78","0",,,"133","470","26","15.04.2024","28/0064/24","216026","NullИлиПусто"
"471","19","1255867","АО ГАЗСТРОЙПРОМ","7842155505","28/0396/23","04.12.2023","216028",,"29.08.2024","31.12.2024","55949583,33","0",,,"133","471","26","04.12.2023","28/0396/23","216028","NullИлиПусто"
"472","19","1255867","АО ГАЗСТРОЙПРОМ","7842155505","28/0394/23","04.12.2023","216029",,"29.08.2024","31.12.2025","90526140,05","0",,,"133","472","26","04.12.2023","28/0394/23","216029","NullИлиПусто"
"473","19","1255867","АО ГАЗСТРОЙПРОМ","7842155505","28/0256/23","04.12.2023","225039",,"20.11.2024","31.12.2025","71851290,67","0",,,"133","473","26","04.12.2023","28/0256/23","225039","NullИлиПусто"
"474","19","1255867","АО ГАЗСТРОЙПРОМ","7842155505","28/0256/23","04.12.2023","225040",,"20.11.2024","31.12.2024","20470113,09","0",,,"133","474","26","04.12.2023","28/0256/23","225040","NullИлиПусто"
"475","19","1255867","АО ГАЗСТРОЙПРОМ","7842155505","28/0157/24","04.06.2024","225042",,"20.11.2024","31.12.2025","119008333,33","0",,,"133","475","26","04.06.2024","28/0157/24","225042","NullИлиПусто"
"476","19","1255867","АО ГАЗСТРОЙПРОМ","7842155505","28/0157/24","04.06.2024","225043",,"20.11.2024","31.12.2025","6429436,32","0",,,"133","476","26","04.06.2024","28/0157/24","225043","NullИлиПусто"
"477","19","1255867","АО ГАЗСТРОЙПРОМ","7842155505","28/0239/24","20.06.2024","225044",,"20.11.2024","31.12.2025","108071402,34","0",,,"133","477","26","20.06.2024","28/0239/24","225044","NullИлиПусто"
"478","19","1255867","АО ГАЗСТРОЙПРОМ","7842155505","1684/19","13.09.2019","225917",,"10.06.2024","31.12.2025","1146199753,16","0",,,"133","478","26","13.09.2019","1684/19","225917","NullИлиПусто"
"479","19","1255867","АО ГАЗСТРОЙПРОМ","7842155505","1838-19","10.02.2020","225918",,"10.06.2024","31.12.2024","233965320,4","0",,,"133","479","26","10.02.2020","1838-19","225918","NullИлиПусто"
"480","19","1255867","АО ГАЗСТРОЙПРОМ","7842155505","27/0309/22","10.11.2022","226479",,"23.11.2023","31.12.2024","53083692,52","0",,,"133","480","26","10.11.2022","27/0309/22","226479","NullИлиПусто"
"481","19","1255867","АО ГАЗСТРОЙПРОМ","7842155505","27/0239/23","23.10.2023","231388",,"30.08.2024","31.12.2025","8590615,07","0",,,"133","481","26","23.10.2023","27/0239/23","231388","NullИлиПусто"
"482","19","1255867","АО ГАЗСТРОЙПРОМ","7842155505","25/201/1057/24","18.06.2024","231390",,"30.08.2024","15.01.2025","38124536,84","0",,,"133","482","26","18.06.2024","25/201/1057/24","231390","NullИлиПусто"
"483","19","1255867","АО ГАЗСТРОЙПРОМ","7842155505","25/201/1062/24","19.06.2024","231391",,"30.08.2024","30.06.2025","4266666,67","0",,,"133","483","26","19.06.2024","25/201/1062/24","231391","NullИлиПусто"
"484","19","1255867","АО ГАЗСТРОЙПРОМ","7842155505","34/0160/23","25.06.2024","231392",,"30.08.2024","31.12.2024","14419350,49","0",,,"133","484","26","25.06.2024","34/0160/23","231392","NullИлиПусто"
"485","19","1255867","АО ГАЗСТРОЙПРОМ","7842155505","28/0239/24","20.06.2024","231393",,"30.08.2024","31.12.2024","37147156,62","0",,,"133","485","26","20.06.2024","28/0239/24","231393","NullИлиПусто"
"486","19","1255867","АО ГАЗСТРОЙПРОМ","7842155505","34/0334/22","26.01.2023","231394",,"30.08.2024","31.12.2025","36107779,41","0",,,"133","486","26","26.01.2023","34/0334/22","231394","NullИлиПусто"
"487","19","1255867","АО ГАЗСТРОЙПРОМ","7842155505","25/201/0180/24","17.04.2024","231399",,"30.08.2024","31.12.2024","40440440,57","0",,,"133","487","26","17.04.2024","25/201/0180/24","231399","NullИлиПусто"
"488","19","1255867","АО ГАЗСТРОЙПРОМ","7842155505","1210","03.09.2020","231401",,"30.08.2024","31.12.2024","7129385,07","0",,,"133","488","26","03.09.2020","1210","231401","NullИлиПусто"
"489","19","1255867","АО ГАЗСТРОЙПРОМ","7842155505","28/0002/24","13.03.2024","231404",,"30.08.2024","31.12.2025","9033040,73","0",,,"133","489","26","13.03.2024","28/0002/24","231404","NullИлиПусто"
"490","19","1255867","АО ГАЗСТРОЙПРОМ","7842155505","28/0247/23","20.10.2023","231405",,"30.08.2024","31.12.2024","471355950,97","0",,,"133","490","26","20.10.2023","28/0247/23","231405","NullИлиПусто"
"491","19","1255867","АО ГАЗСТРОЙПРОМ","7842155505","28/0039/24","04.04.2024","231406",,"30.08.2024","31.12.2024","42213163,24","0",,,"133","491","26","04.04.2024","28/0039/24","231406","NullИлиПусто"
"492","19","1255867","АО ГАЗСТРОЙПРОМ","7842155505","28/0092/24","11.04.2024","231407",,"30.08.2024","31.12.2024","10495984,12","0",,,"133","492","26","11.04.2024","28/0092/24","231407","NullИлиПусто"
"493","19","1255867","АО ГАЗСТРОЙПРОМ","7842155505","28/0092/24","11.04.2024","231408",,"30.08.2024","31.12.2025","41193403,51","0",,,"133","493","26","11.04.2024","28/0092/24","231408","NullИлиПусто"
"494","19","1255867","АО ГАЗСТРОЙПРОМ","7842155505","28/0394/23","04.12.2023","231410",,"30.08.2024","31.12.2025","136710574,4","0",,,"133","494","26","04.12.2023","28/0394/23","231410","NullИлиПусто"
"495","19","1255867","АО ГАЗСТРОЙПРОМ","7842155505","28/0157/24","04.06.2024","231413",,"30.08.2024","31.12.2025","21991666,67","0",,,"133","495","26","04.06.2024","28/0157/24","231413","NullИлиПусто"
"496","19","1255867","АО ГАЗСТРОЙПРОМ","7842155505","28/0239/24","20.06.2024","231415",,"30.08.2024","31.12.2024","153799220,26","0",,,"133","496","26","20.06.2024","28/0239/24","231415","NullИлиПусто"
"497","19","1255867","АО ГАЗСТРОЙПРОМ","7842155505","27/0239/23","23.10.2023","234447",,"30.08.2024","31.12.2025","922913876,9","0",,,"133","497","26","23.10.2023","27/0239/23","234447","NullИлиПусто"
"498","19","1255867","АО ГАЗСТРОЙПРОМ","7842155505","28/0247/23","20.10.2023","234448",,"30.08.2024","31.12.2024","375000000","0",,,"133","498","26","20.10.2023","28/0247/23","234448","NullИлиПусто"
"499","19","1255867","АО ГАЗСТРОЙПРОМ","7842155505","27/0309/22","10.11.2022","238197",,"24.11.2023","31.12.2024","10945056,84","0",,,"133","499","26","10.11.2022","27/0309/22","238197","NullИлиПусто"
"500","19","1255867","АО ГАЗСТРОЙПРОМ","7842155505","27/0018/22","30.03.2022","239371",,"05.03.2024","31.12.2024","84991734,62","0",,,"133","500","26","30.03.2022","27/0018/22","239371","NullИлиПусто"
"501","19","1255867","АО ГАЗСТРОЙПРОМ","7842155505","28/0256/23","04.12.2023","240787",,"21.11.2024","31.12.2024","4246784,57","0",,,"133","501","26","04.12.2023","28/0256/23","240787","NullИлиПусто"
"502","19","1255867","АО ГАЗСТРОЙПРОМ","7842155505","1838-19","10.02.2020","240789",,"21.11.2024","31.12.2024","5780,78","0",,,"133","502","26","10.02.2020","1838-19","240789","NullИлиПусто"
"503","19","1255867","АО ГАЗСТРОЙПРОМ","7842155505","28/0157/24","04.06.2024","240790",,"21.11.2024","31.12.2025","91236799,03","0",,,"133","503","26","04.06.2024","28/0157/24","240790","NullИлиПусто"
"504","19","1255867","АО ГАЗСТРОЙПРОМ","7842155505","28/0239/24","20.06.2024","240791",,"21.11.2024","31.12.2025","4971284,5","0",,,"133","504","26","20.06.2024","28/0239/24","240791","NullИлиПусто"
"505","19","1255867","АО ГАЗСТРОЙПРОМ","7842155505","25/201/1889/24","02.08.2024","240792",,"21.11.2024","30.06.2025","166666666,67","0",,,"133","505","26","02.08.2024","25/201/1889/24","240792","NullИлиПусто"
"506","19","1255867","АО ГАЗСТРОЙПРОМ","7842155505","25/201/1889/24","02.08.2024","240793",,"21.11.2024","31.12.2024","24684848,75","0",,,"133","506","26","02.08.2024","25/201/1889/24","240793","NullИлиПусто"
"507","19","1255867","АО ГАЗСТРОЙПРОМ","7842155505","0654/19","28.06.2019","24150",,"16.02.2024","31.12.2025","919051202,97","0",,,"133","507","26","28.06.2019","0654/19","24150","NullИлиПусто"
"508","19","1255867","АО ГАЗСТРОЙПРОМ","7842155505","0654/19","28.06.2019","24151",,"16.02.2024","31.12.2026","7205995833,33","0",,,"133","508","26","28.06.2019","0654/19","24151","NullИлиПусто"
"509","19","1255867","АО ГАЗСТРОЙПРОМ","7842155505","1684/19","13.09.2019","242872",,"11.06.2024","31.12.2024","1083927510,98","0",,,"133","509","26","13.09.2019","1684/19","242872","NullИлиПусто"
"510","19","1255867","АО ГАЗСТРОЙПРОМ","7842155505","0654/19","28.06.2019","24415",,"24.02.2022","31.12.2024","1955016666,67","0",,,"133","510","26","28.06.2019","0654/19","24415","NullИлиПусто"
"511","19","1255867","АО ГАЗСТРОЙПРОМ","7842155505","0654/19","28.06.2019","24416",,"24.02.2022","31.12.2024","1719883736,6","0",,,"133","511","26","28.06.2019","0654/19","24416","NullИлиПусто"
"512","19","1255867","АО ГАЗСТРОЙПРОМ","7842155505","1027/19","21.08.2019","25429",,"02.03.2022","31.12.2024","179948333,39","0",,,"133","512","26","21.08.2019","1027/19","25429","NullИлиПусто"
"513","19","1255867","АО ГАЗСТРОЙПРОМ","7842155505","0654/19","28.06.2019","25438",,"02.03.2022","31.12.2024","10645,72","0",,,"133","513","26","28.06.2019","0654/19","25438","NullИлиПусто"
"514","19","1255867","АО ГАЗСТРОЙПРОМ","7842155505","0654/19","28.06.2019","25439",,"04.03.2022","31.12.2024","1798100000","0",,,"133","514","26","28.06.2019","0654/19","25439","NullИлиПусто"
"515","19","1255867","АО ГАЗСТРОЙПРОМ","7842155505","0654/19","28.06.2019","25440",,"02.03.2022","31.12.2024","787885831,48","0",,,"133","515","26","28.06.2019","0654/19","25440","NullИлиПусто"
"516","19","1255867","АО ГАЗСТРОЙПРОМ","7842155505","28/0301/23","18.01.2024","257067",,"22.11.2024","31.12.2024","3864471,29","0",,,"133","516","26","18.01.2024","28/0301/23","257067","NullИлиПусто"
"517","19","1255867","АО ГАЗСТРОЙПРОМ","7842155505","31/0109/22","15.09.2022","257068",,"22.11.2024","31.12.2025","2520895002,07","0",,,"133","517","26","15.09.2022","31/0109/22","257068","NullИлиПусто"
"518","19","1255867","АО ГАЗСТРОЙПРОМ","7842155505","31/0109/22","15.09.2022","257069",,"22.11.2024","31.12.2025","1640881045,78","0",,,"133","518","26","15.09.2022","31/0109/22","257069","NullИлиПусто"
"519","19","1255867","АО ГАЗСТРОЙПРОМ","7842155505","25/1594/20","17.03.2021","261228",,"13.06.2024","30.12.2025","515409235,64","0",,,"133","519","26","17.03.2021","25/1594/20","261228","NullИлиПусто"
"520","19","1255867","АО ГАЗСТРОЙПРОМ","7842155505","БН/17.03.2023/000002","17.03.2023","26630",,"30.07.2020","31.12.2026","2298091153,65","0",,,"133","520","26","17.03.2023","БН/17.03.2023/000002","26630","NullИлиПусто"
"521","19","1255867","АО ГАЗСТРОЙПРОМ","7842155505","2269/19","01.10.2019","27114",,"09.03.2022","31.12.2024","1248952495,77","0",,,"133","521","26","01.10.2019","2269/19","27114","NullИлиПусто"
"522","19","1255867","АО ГАЗСТРОЙПРОМ","7842155505","1027/19","21.08.2019","27398",,"17.02.2023","31.12.2024","384975000","0",,,"133","522","26","21.08.2019","1027/19","27398","NullИлиПусто"
"523","19","1255867","АО ГАЗСТРОЙПРОМ","7842155505","34/0160/23","25.06.2024","276641",,"25.11.2024","30.09.2025","25458462,17","0",,,"133","523","26","25.06.2024","34/0160/23","276641","NullИлиПусто"
"524","19","1255867","АО ГАЗСТРОЙПРОМ","7842155505","28/0256/23","04.12.2023","276645",,"25.11.2024","31.12.2024","16946501,78","0",,,"133","524","26","04.12.2023","28/0256/23","276645","NullИлиПусто"
"525","19","1255867","АО ГАЗСТРОЙПРОМ","7842155505","28/0039/24","04.04.2024","276647",,"25.11.2024","31.12.2025","3794497,87","0",,,"133","525","26","04.04.2024","28/0039/24","276647","NullИлиПусто"
"526","19","1255867","АО ГАЗСТРОЙПРОМ","7842155505","28/0092/24","11.04.2024","276648",,"25.11.2024","31.12.2025","8117786,78","0",,,"133","526","26","11.04.2024","28/0092/24","276648","NullИлиПусто"
"527","19","1255867","АО ГАЗСТРОЙПРОМ","7842155505","28/0157/24","04.06.2024","276649",,"25.11.2024","31.12.2025","12500000","0",,,"133","527","26","04.06.2024","28/0157/24","276649","NullИлиПусто"
"528","19","1255867","АО ГАЗСТРОЙПРОМ","7842155505","28/0239/24","20.06.2024","276650",,"25.11.2024","31.12.2025","118185120,21","0",,,"133","528","26","20.06.2024","28/0239/24","276650","NullИлиПусто"
"529","19","1255867","АО ГАЗСТРОЙПРОМ","7842155505","31/0109/22","15.09.2022","276651",,"25.11.2024","31.12.2025","491369533,93","0",,,"133","529","26","15.09.2022","31/0109/22","276651","NullИлиПусто"
"530","19","1255867","АО ГАЗСТРОЙПРОМ","7842155505","0897/20","31.08.2020","276652",,"25.11.2024","30.09.2025","140454889,67","0",,,"133","530","26","31.08.2020","0897/20","276652","NullИлиПусто"
"531","19","1255867","АО ГАЗСТРОЙПРОМ","7842155505","1838-19","10.02.2020","276720",,"14.06.2024","31.12.2024","2879151,65","0",,,"133","531","26","10.02.2020","1838-19","276720","NullИлиПусто"
"532","19","1255867","АО ГАЗСТРОЙПРОМ","7842155505","25/1594/20","17.03.2021","276721",,"14.06.2024","30.12.2025","65016873,07","0",,,"133","532","26","17.03.2021","25/1594/20","276721","NullИлиПусто"
"533","19","1255867","АО ГАЗСТРОЙПРОМ","7842155505","31/0109/22","15.09.2022","276722",,"14.06.2024","31.12.2024","102924010,34","0",,,"133","533","26","15.09.2022","31/0109/22","276722","NullИлиПусто"
"534","19","1255867","АО ГАЗСТРОЙПРОМ","7842155505","30/0450/23","07.02.2024","27887",,"01.03.2024","31.12.2024","14125121,25","0",,,"133","534","26","07.02.2024","30/0450/23","27887","NullИлиПусто"
"535","19","1255867","АО ГАЗСТРОЙПРОМ","7842155505","30/0447/23","07.02.2024","27926",,"01.03.2024","31.12.2024","231668033,3","0",,,"133","535","26","07.02.2024","30/0447/23","27926","NullИлиПусто"
"536","19","1255867","АО ГАЗСТРОЙПРОМ","7842155505","1684/19","13.09.2019","28550",,"22.05.2024","31.12.2024","311111019,92","0",,,"133","536","26","13.09.2019","1684/19","28550","NullИлиПусто"
"537","19","1255867","АО ГАЗСТРОЙПРОМ","7842155505","1838-19","10.02.2020","295140",,"17.06.2024","31.12.2024","22695128,72","0",,,"133","537","26","10.02.2020","1838-19","295140","NullИлиПусто"
"538","19","1255867","АО ГАЗСТРОЙПРОМ","7842155505","31/0109/22","15.09.2022","295141",,"17.06.2024","31.12.2024","44267219,57","0",,,"133","538","26","15.09.2022","31/0109/22","295141","NullИлиПусто"
"539","19","1255867","АО ГАЗСТРОЙПРОМ","7842155505","25/201/1057/24","18.06.2024","296176",,"26.11.2024","15.01.2025","68719487,61","0",,,"133","539","26","18.06.2024","25/201/1057/24","296176","NullИлиПусто"
"540","19","1255867","АО ГАЗСТРОЙПРОМ","7842155505","28/0256/23","04.12.2023","296179",,"26.11.2024","31.12.2024","217313,75","0",,,"133","540","26","04.12.2023","28/0256/23","296179","NullИлиПусто"
"541","19","1255867","АО ГАЗСТРОЙПРОМ","7842155505","28/0157/24","04.06.2024","296181",,"26.11.2024","31.12.2025","4196892,75","0",,,"133","541","26","04.06.2024","28/0157/24","296181","NullИлиПусто"
"542","19","1255867","АО ГАЗСТРОЙПРОМ","7842155505","28/0239/24","20.06.2024","296182",,"26.11.2024","31.12.2025","228679,08","0",,,"133","542","26","20.06.2024","28/0239/24","296182","NullИлиПусто"
"543","19","1255867","АО ГАЗСТРОЙПРОМ","7842155505","0897/20","31.08.2020","296183",,"26.11.2024","30.09.2025","2500000","0",,,"133","543","26","31.08.2020","0897/20","296183","NullИлиПусто"
"544","19","1255867","АО ГАЗСТРОЙПРОМ","7842155505","27/0239/23","23.10.2023","296184",,"26.11.2024","31.12.2025","1022899595,04","0",,,"133","544","26","23.10.2023","27/0239/23","296184","NullИлиПусто"
"545","19","1255867","АО ГАЗСТРОЙПРОМ","7842155505","28/0247/23","20.10.2023","296185",,"26.11.2024","31.12.2025","2155348750,58","0",,,"133","545","26","20.10.2023","28/0247/23","296185","NullИлиПусто"
"546","19","1255867","АО ГАЗСТРОЙПРОМ","7842155505","28/0394/23","04.12.2023","296186",,"26.11.2024","31.12.2025","30564472,04","0",,,"133","546","26","04.12.2023","28/0394/23","296186","NullИлиПусто"
"547","19","1255867","АО ГАЗСТРОЙПРОМ","7842155505","28/0002/24","13.03.2024","296187",,"26.11.2024","31.12.2025","83952838,54","0",,,"133","547","26","13.03.2024","28/0002/24","296187","NullИлиПусто"
"548","19","1255867","АО ГАЗСТРОЙПРОМ","7842155505","28/0733/23","13.03.2024","296188",,"26.11.2024","31.12.2025","182313442,37","0",,,"133","548","26","13.03.2024","28/0733/23","296188","NullИлиПусто"
"549","19","1255867","АО ГАЗСТРОЙПРОМ","7842155505","28/0148/24","03.05.2024","296190",,"26.11.2024","31.12.2025","131369844,27","0",,,"133","549","26","03.05.2024","28/0148/24","296190","NullИлиПусто"
"550","19","1255867","АО ГАЗСТРОЙПРОМ","7842155505","28/0141/24","17.06.2024","296191",,"26.11.2024","31.12.2025","143849522,92","0",,,"133","550","26","17.06.2024","28/0141/24","296191","NullИлиПусто"
"551","19","1255867","АО ГАЗСТРОЙПРОМ","7842155505","28/0136/24","21.06.2024","296192",,"26.11.2024","31.12.2025","261551913,55","0",,,"133","551","26","21.06.2024","28/0136/24","296192","NullИлиПусто"
"552","19","1255867","АО ГАЗСТРОЙПРОМ","7842155505","1684/19","13.09.2019","30173",,"22.02.2023","31.12.2024","176244125,09","0",,,"133","552","26","13.09.2019","1684/19","30173","NullИлиПусто"
"553","19","1255867","АО ГАЗСТРОЙПРОМ","7842155505","2269/19","01.10.2019","30957",,"22.02.2023","31.12.2024","1094924188,4","0",,,"133","553","26","01.10.2019","2269/19","30957","NullИлиПусто"
"554","19","1255867","АО ГАЗСТРОЙПРОМ","7842155505","28/0256/23","04.12.2023","313183",,"27.11.2024","31.12.2024","779539,07","0",,,"133","554","26","04.12.2023","28/0256/23","313183","NullИлиПусто"
"555","19","1255867","АО ГАЗСТРОЙПРОМ","7842155505","28/0157/24","04.06.2024","313185",,"27.11.2024","31.12.2025","32089152,02","0",,,"133","555","26","04.06.2024","28/0157/24","313185","NullИлиПусто"
"556","19","1255867","АО ГАЗСТРОЙПРОМ","7842155505","28/0239/24","20.06.2024","313186",,"27.11.2024","31.12.2025","5436515,52","0",,,"133","556","26","20.06.2024","28/0239/24","313186","NullИлиПусто"
"557","19","1255867","АО ГАЗСТРОЙПРОМ","7842155505","28/0157/24","04.06.2024","313187",,"27.11.2024","31.12.2025","56423131,36","0",,,"133","557","26","04.06.2024","28/0157/24","313187","NullИлиПусто"
"558","19","1255867","АО ГАЗСТРОЙПРОМ","7842155505","31/0109/22","15.09.2022","313188",,"27.11.2024","31.12.2025","864109025,13","0",,,"133","558","26","15.09.2022","31/0109/22","313188","NullИлиПусто"
"559","19","1255867","АО ГАЗСТРОЙПРОМ","7842155505","27/0239/23","23.10.2023","313189",,"27.11.2024","31.12.2025","477475723,32","0",,,"133","559","26","23.10.2023","27/0239/23","313189","NullИлиПусто"
"560","19","1255867","АО ГАЗСТРОЙПРОМ","7842155505","28/0247/23","20.10.2023","313190",,"27.11.2024","31.12.2025","554754920,92","0",,,"133","560","26","20.10.2023","28/0247/23","313190","NullИлиПусто"
"561","19","1255867","АО ГАЗСТРОЙПРОМ","7842155505","28/0394/23","04.12.2023","313191",,"27.11.2024","31.12.2025","569874637,06","0",,,"133","561","26","04.12.2023","28/0394/23","313191","NullИлиПусто"
"562","19","1255867","АО ГАЗСТРОЙПРОМ","7842155505","28/0002/24","13.03.2024","313192",,"27.11.2024","31.12.2025","299973284,86","0",,,"133","562","26","13.03.2024","28/0002/24","313192","NullИлиПусто"
"563","19","1255867","АО ГАЗСТРОЙПРОМ","7842155505","28/0733/23","13.03.2024","313193",,"27.11.2024","31.12.2025","226019441,95","0",,,"133","563","26","13.03.2024","28/0733/23","313193","NullИлиПусто"
"564","19","1255867","АО ГАЗСТРОЙПРОМ","7842155505","28/0148/24","03.05.2024","313195",,"27.11.2024","31.12.2025","393852414,86","0",,,"133","564","26","03.05.2024","28/0148/24","313195","NullИлиПусто"
"565","19","1255867","АО ГАЗСТРОЙПРОМ","7842155505","28/0141/24","17.06.2024","313196",,"27.11.2024","31.12.2025","232858968,75","0",,,"133","565","26","17.06.2024","28/0141/24","313196","NullИлиПусто"
"566","19","1255867","АО ГАЗСТРОЙПРОМ","7842155505","28/0136/24","21.06.2024","313197",,"27.11.2024","31.12.2025","203476845,62","0",,,"133","566","26","21.06.2024","28/0136/24","313197","NullИлиПусто"
"567","19","1255867","АО ГАЗСТРОЙПРОМ","7842155505","25/1594/20","17.03.2021","313205",,"18.06.2024","30.12.2025","25000000","0",,,"133","567","26","17.03.2021","25/1594/20","313205","NullИлиПусто"
"568","19","1255867","АО ГАЗСТРОЙПРОМ","7842155505","31/0109/22","15.09.2022","313206",,"18.06.2024","31.12.2024","185624541,17","0",,,"133","568","26","15.09.2022","31/0109/22","313206","NullИлиПусто"
"569","19","1255867","АО ГАЗСТРОЙПРОМ","7842155505","31/0109/22","15.09.2022","313207",,"18.06.2024","31.12.2025","733810536,94","0",,,"133","569","26","15.09.2022","31/0109/22","313207","NullИлиПусто"
"570","19","1255867","АО ГАЗСТРОЙПРОМ","7842155505","28/0157/24","04.06.2024","315501",,"27.11.2024","31.12.2025","17060125,25","0",,,"133","570","26","04.06.2024","28/0157/24","315501","NullИлиПусто"
"571","19","1255867","АО ГАЗСТРОЙПРОМ","7842155505","0897/20","31.08.2020","315502",,"27.11.2024","30.09.2025","75000000","0",,,"133","571","26","31.08.2020","0897/20","315502","NullИлиПусто"
"572","19","1255867","АО ГАЗСТРОЙПРОМ","7842155505","1838-19","10.02.2020","31587",,"03.11.2023","31.12.2024","29884135,37","0",,,"133","572","26","10.02.2020","1838-19","31587","NullИлиПусто"
"573","19","1255867","АО ГАЗСТРОЙПРОМ","7842155505","27/0018/22","30.03.2022","319894",,"13.03.2024","31.12.2024","3909619,79","0",,,"133","573","26","30.03.2022","27/0018/22","319894","NullИлиПусто"
"574","19","1255867","АО ГАЗСТРОЙПРОМ","7842155505","1684/19","13.09.2019","329129",,"19.06.2024","31.12.2024","278193514,38","0",,,"133","574","26","13.09.2019","1684/19","329129","NullИлиПусто"
"575","19","1255867","АО ГАЗСТРОЙПРОМ","7842155505","1838-19","10.02.2020","329130",,"19.06.2024","31.12.2024","37015401,96","0",,,"133","575","26","10.02.2020","1838-19","329130","NullИлиПусто"
"576","19","1255867","АО ГАЗСТРОЙПРОМ","7842155505","28/0247/23","20.10.2023","329131",,"19.06.2024","31.12.2025","33281181,69","0",,,"133","576","26","20.10.2023","28/0247/23","329131","NullИлиПусто"
"577","19","1255867","АО ГАЗСТРОЙПРОМ","7842155505","25/201/1062/24","19.06.2024","330169",,"28.11.2024","30.06.2025","2599284,8","0",,,"133","577","26","19.06.2024","25/201/1062/24","330169","NullИлиПусто"
"578","19","1255867","АО ГАЗСТРОЙПРОМ","7842155505","28/0256/23","04.12.2023","330172",,"28.11.2024","31.12.2024","1010,23","0",,,"133","578","26","04.12.2023","28/0256/23","330172","NullИлиПусто"
"579","19","1255867","АО ГАЗСТРОЙПРОМ","7842155505","28/0239/24","20.06.2024","330173",,"28.11.2024","31.12.2025","15303362,44","0",,,"133","579","26","20.06.2024","28/0239/24","330173","NullИлиПусто"
"580","19","1255867","АО ГАЗСТРОЙПРОМ","7842155505","28/0157/24","04.06.2024","330174",,"28.11.2024","31.12.2025","5555198,77","0",,,"133","580","26","04.06.2024","28/0157/24","330174","NullИлиПусто"
"581","19","1255867","АО ГАЗСТРОЙПРОМ","7842155505","31/0109/22","15.09.2022","330175",,"28.11.2024","31.12.2024","399114815,99","0",,,"133","581","26","15.09.2022","31/0109/22","330175","NullИлиПусто"
"582","19","1255867","АО ГАЗСТРОЙПРОМ","7842155505","27/0239/23","23.10.2023","330176",,"28.11.2024","31.12.2025","108665287,57","0",,,"133","582","26","23.10.2023","27/0239/23","330176","NullИлиПусто"
"583","19","1255867","АО ГАЗСТРОЙПРОМ","7842155505","27/0240/23","23.10.2023","330179",,"28.11.2024","31.12.2025","1213962,33","0",,,"133","583","26","23.10.2023","27/0240/23","330179","NullИлиПусто"
"584","19","1255867","АО ГАЗСТРОЙПРОМ","7842155505","27/0238/23","23.10.2023","330180",,"28.11.2024","31.12.2025","820459447,01","0",,,"133","584","26","23.10.2023","27/0238/23","330180","NullИлиПусто"
"585","19","1255867","АО ГАЗСТРОЙПРОМ","7842155505","28/0733/23","13.03.2024","330181",,"28.11.2024","31.12.2025","1360903,32","0",,,"133","585","26","13.03.2024","28/0733/23","330181","NullИлиПусто"
"586","19","1255867","АО ГАЗСТРОЙПРОМ","7842155505","28/0148/24","03.05.2024","330182",,"28.11.2024","31.12.2025","163604207,57","0",,,"133","586","26","03.05.2024","28/0148/24","330182","NullИлиПусто"
"587","19","1255867","АО ГАЗСТРОЙПРОМ","7842155505","28/0136/24","21.06.2024","330183",,"28.11.2024","31.12.2025","209835535,21","0",,,"133","587","26","21.06.2024","28/0136/24","330183","NullИлиПусто"
"588","19","1255867","АО ГАЗСТРОЙПРОМ","7842155505","27/0104/24","12.09.2024","330184",,"28.11.2024","31.12.2025","30547914,32","0",,,"133","588","26","12.09.2024","27/0104/24","330184","NullИлиПусто"
"589","19","1255867","АО ГАЗСТРОЙПРОМ","7842155505","27/0018/22","30.03.2022","333984",,"14.03.2024","31.12.2024","346081,25","0",,,"133","589","26","30.03.2022","27/0018/22","333984","NullИлиПусто"
"590","19","1255867","АО ГАЗСТРОЙПРОМ","7842155505","3140/20","16.03.2021","33504",,"22.04.2021","31.12.2024","135767699,52","0",,,"133","590","26","16.03.2021","3140/20","33504","NullИлиПусто"
"591","19","1255867","АО ГАЗСТРОЙПРОМ","7842155505","1684/19","13.09.2019","345526",,"20.06.2024","31.12.2024","115847802,4","0",,,"133","591","26","13.09.2019","1684/19","345526","NullИлиПусто"
"592","19","1255867","АО ГАЗСТРОЙПРОМ","7842155505","25/1594/20","17.03.2021","345527",,"20.06.2024","30.12.2025","34221626,42","0",,,"133","592","26","17.03.2021","25/1594/20","345527","NullИлиПусто"
"593","19","1255867","АО ГАЗСТРОЙПРОМ","7842155505","31/0109/22","15.09.2022","345528",,"20.06.2024","31.12.2025","123536184,8","0",,,"133","593","26","15.09.2022","31/0109/22","345528","NullИлиПусто"
"594","19","1255867","АО ГАЗСТРОЙПРОМ","7842155505","28/0247/23","20.10.2023","345529",,"20.06.2024","31.12.2025","55572911,69","0",,,"133","594","26","20.10.2023","28/0247/23","345529","NullИлиПусто"
"595","19","1255867","АО ГАЗСТРОЙПРОМ","7842155505","30/0447/23","07.02.2024","345531",,"20.06.2024","31.12.2024","43941320,49","0",,,"133","595","26","07.02.2024","30/0447/23","345531","NullИлиПусто"
"596","19","1255867","АО ГАЗСТРОЙПРОМ","7842155505","30/0450/23","07.02.2024","345532",,"20.06.2024","31.12.2024","45500707,26","0",,,"133","596","26","07.02.2024","30/0450/23","345532","NullИлиПусто"
"597","19","1255867","АО ГАЗСТРОЙПРОМ","7842155505","25/201/1057/24","18.06.2024","347015",,"29.11.2024","15.01.2025","13039596,43","0",,,"133","597","26","18.06.2024","25/201/1057/24","347015","NullИлиПусто"
"598","19","1255867","АО ГАЗСТРОЙПРОМ","7842155505","28/0239/24","20.06.2024","347020",,"29.11.2024","30.07.2026","9837748,97","0",,,"133","598","26","20.06.2024","28/0239/24","347020","NullИлиПусто"
"599","19","1255867","АО ГАЗСТРОЙПРОМ","7842155505","28/0157/24","04.06.2024","347021",,"29.11.2024","30.10.2026","255539,14","0",,,"133","599","26","04.06.2024","28/0157/24","347021","NullИлиПусто"
"600","19","1255867","АО ГАЗСТРОЙПРОМ","7842155505","28/0239/24","20.06.2024","347022",,"29.11.2024","30.07.2026","10644888,78","0",,,"133","600","26","20.06.2024","28/0239/24","347022","NullИлиПусто"
"601","19","1255867","АО ГАЗСТРОЙПРОМ","7842155505","0897/20","31.08.2020","347024",,"29.11.2024","30.09.2025","280987110,33","0",,,"133","601","26","31.08.2020","0897/20","347024","NullИлиПусто"
"602","19","1255867","АО ГАЗСТРОЙПРОМ","7842155505","27/0239/23","23.10.2023","347025",,"29.11.2024","31.12.2025","802801528,21","0",,,"133","602","26","23.10.2023","27/0239/23","347025","NullИлиПусто"
"603","19","1255867","АО ГАЗСТРОЙПРОМ","7842155505","33/0054/23","21.06.2024","347031",,"29.11.2024","31.12.2025","114091772,42","0",,,"133","603","26","21.06.2024","33/0054/23","347031","NullИлиПусто"
"604","19","1255867","АО ГАЗСТРОЙПРОМ","7842155505","27/0240/23","23.10.2023","347032",,"29.11.2024","31.12.2025","17427731,88","0",,,"133","604","26","23.10.2023","27/0240/23","347032","NullИлиПусто"
"605","19","1255867","АО ГАЗСТРОЙПРОМ","7842155505","27/0238/23","23.10.2023","347033",,"29.11.2024","31.12.2025","114794117,87","0",,,"133","605","26","23.10.2023","27/0238/23","347033","NullИлиПусто"
"606","19","1255867","АО ГАЗСТРОЙПРОМ","7842155505","28/0394/23","04.12.2023","347034",,"29.11.2024","30.06.2026","263314309,23","0",,,"133","606","26","04.12.2023","28/0394/23","347034","NullИлиПусто"
"607","19","1255867","АО ГАЗСТРОЙПРОМ","7842155505","28/0002/24","13.03.2024","347035",,"29.11.2024","30.07.2026","64219033,27","0",,,"133","607","26","13.03.2024","28/0002/24","347035","NullИлиПусто"
"608","19","1255867","АО ГАЗСТРОЙПРОМ","7842155505","28/0148/24","03.05.2024","347037",,"29.11.2024","31.08.2026","2056,62","0",,,"133","608","26","03.05.2024","28/0148/24","347037","NullИлиПусто"
"609","19","1255867","АО ГАЗСТРОЙПРОМ","7842155505","28/0136/24","21.06.2024","347038",,"29.11.2024","30.07.2026","8697004,79","0",,,"133","609","26","21.06.2024","28/0136/24","347038","NullИлиПусто"
"610","19","1255867","АО ГАЗСТРОЙПРОМ","7842155505","27/0104/24","12.09.2024","347039",,"29.11.2024","31.12.2025","1405204,06","0",,,"133","610","26","12.09.2024","27/0104/24","347039","NullИлиПусто"
"611","19","1255867","АО ГАЗСТРОЙПРОМ","7842155505","33/0054/23","21.06.2024","347040",,"29.11.2024","31.12.2025","56416666,67","0",,,"133","611","26","21.06.2024","33/0054/23","347040","NullИлиПусто"
"612","19","1255867","АО ГАЗСТРОЙПРОМ","7842155505","27/0018/22","30.03.2022","348120",,"15.03.2024","31.12.2024","15821130,83","0",,,"133","612","26","30.03.2022","27/0018/22","348120","NullИлиПусто"
"613","19","1255867","АО ГАЗСТРОЙПРОМ","7842155505","27/0239/23","23.10.2023","349849",,"29.11.2024","31.12.2025","364142733,79","0",,,"133","613","26","23.10.2023","27/0239/23","349849","NullИлиПусто"
"614","19","1255867","АО ГАЗСТРОЙПРОМ","7842155505","31/0109/22","15.09.2022","359088",,"21.06.2024","31.12.2025","531301735,51","0",,,"133","614","26","15.09.2022","31/0109/22","359088","NullИлиПусто"
"615","19","1255867","АО ГАЗСТРОЙПРОМ","7842155505","28/0247/23","20.10.2023","359090",,"21.06.2024","31.12.2025","16470711,49","0",,,"133","615","26","20.10.2023","28/0247/23","359090","NullИлиПусто"
"616","19","1255867","АО ГАЗСТРОЙПРОМ","7842155505","30/0447/23","07.02.2024","359092",,"21.06.2024","31.12.2024","388558679,51","0",,,"133","616","26","07.02.2024","30/0447/23","359092","NullИлиПусто"
"617","19","1255867","АО ГАЗСТРОЙПРОМ","7842155505","30/0447/23","07.02.2024","359093",,"21.06.2024","31.12.2024","112500000","0",,,"133","617","26","07.02.2024","30/0447/23","359093","NullИлиПусто"
"618","19","1255867","АО ГАЗСТРОЙПРОМ","7842155505","30/0447/23","07.02.2024","359094",,"21.06.2024","31.12.2025","45292439,42","0",,,"133","618","26","07.02.2024","30/0447/23","359094","NullИлиПусто"
"619","19","1255867","АО ГАЗСТРОЙПРОМ","7842155505","30/0450/23","07.02.2024","359095",,"21.06.2024","31.12.2024","171206666,67","0",,,"133","619","26","07.02.2024","30/0450/23","359095","NullИлиПусто"
"620","19","1255867","АО ГАЗСТРОЙПРОМ","7842155505","1027/19","21.08.2019","36390",,"30.04.2021","31.12.2024","169244774,66","0",,,"133","620","26","21.08.2019","1027/19","36390","NullИлиПусто"
"621","19","1255867","АО ГАЗСТРОЙПРОМ","7842155505","25/201/0111/22","01.03.2022","36885",,"26.03.2024","31.12.2025","41666666,67","0",,,"133","621","26","01.03.2022","25/201/0111/22","36885","NullИлиПусто"
"622","19","1255867","АО ГАЗСТРОЙПРОМ","7842155505","28/0247/23","20.10.2023","378130",,"24.06.2024","31.12.2025","29842814,87","0",,,"133","622","26","20.10.2023","28/0247/23","378130","NullИлиПусто"
"623","19","1255867","АО ГАЗСТРОЙПРОМ","7842155505","28/0396/23","04.12.2023","378131",,"24.06.2024","31.12.2025","104897396,84","0",,,"133","623","26","04.12.2023","28/0396/23","378131","NullИлиПусто"
"624","19","1255867","АО ГАЗСТРОЙПРОМ","7842155505","27/0239/23","23.10.2023","378133",,"24.06.2024","31.12.2024","356730022,76","0",,,"133","624","26","23.10.2023","27/0239/23","378133","NullИлиПусто"
"625","19","1255867","АО ГАЗСТРОЙПРОМ","7842155505","2581/21","16.07.2021","38959",,"15.08.2024","31.12.2024","19843553,58","0",,,"133","625","26","16.07.2021","2581/21","38959","NullИлиПусто"
"626","19","1255867","АО ГАЗСТРОЙПРОМ","7842155505","27/0238/23","23.10.2023","38960",,"15.08.2024","31.12.2024","12888287,86","0",,,"133","626","26","23.10.2023","27/0238/23","38960","NullИлиПусто"
"627","19","1255867","АО ГАЗСТРОЙПРОМ","7842155505","27/0239/23","23.10.2023","38961",,"15.08.2024","31.12.2024","282093061,48","0",,,"133","627","26","23.10.2023","27/0239/23","38961","NullИлиПусто"
"628","19","1255867","АО ГАЗСТРОЙПРОМ","7842155505","28/0039/24","04.04.2024","38962",,"15.08.2024","31.05.2025","2369220,02","0",,,"133","628","26","04.04.2024","28/0039/24","38962","NullИлиПусто"
"629","19","1255867","АО ГАЗСТРОЙПРОМ","7842155505","28/0239/24","20.06.2024","38963",,"15.08.2024","31.12.2024","5912670,83","0",,,"133","629","26","20.06.2024","28/0239/24","38963","NullИлиПусто"
"630","19","1255867","АО ГАЗСТРОЙПРОМ","7842155505","27/0018/22","30.03.2022","394512",,"20.03.2024","31.12.2024","207489,35","0",,,"133","630","26","30.03.2022","27/0018/22","394512","NullИлиПусто"
"631","19","1255867","АО ГАЗСТРОЙПРОМ","7842155505","БН/17.03.2023/000002","17.03.2023","39486",,"27.12.2019","31.12.2026","1187440267,3","0",,,"133","631","26","17.03.2023","БН/17.03.2023/000002","39486","NullИлиПусто"
"632","19","1255867","АО ГАЗСТРОЙПРОМ","7842155505","БН/17.03.2023/000002","17.03.2023","39487",,"27.12.2019","31.12.2026","3869616666,67","0",,,"133","632","26","17.03.2023","БН/17.03.2023/000002","39487","NullИлиПусто"
"633","19","1255867","АО ГАЗСТРОЙПРОМ","7842155505","30/0447/23","07.02.2024","39610",,"30.09.2024","31.12.2024","16142459,31","0",,,"133","633","26","07.02.2024","30/0447/23","39610","NullИлиПусто"
"634","19","1255867","АО ГАЗСТРОЙПРОМ","7842155505","31/0109/22","15.09.2022","397669",,"25.06.2024","31.12.2025","354899867,52","0",,,"133","634","26","15.09.2022","31/0109/22","397669","NullИлиПусто"
"635","19","1255867","АО ГАЗСТРОЙПРОМ","7842155505","28/0247/23","20.10.2023","397670",,"25.06.2024","31.12.2025","730931840,17","0",,,"133","635","26","20.10.2023","28/0247/23","397670","NullИлиПусто"
"636","19","1255867","АО ГАЗСТРОЙПРОМ","7842155505","28/0396/23","04.12.2023","397671",,"25.06.2024","31.12.2025","608333,33","0",,,"133","636","26","04.12.2023","28/0396/23","397671","NullИлиПусто"
"637","19","1255867","АО ГАЗСТРОЙПРОМ","7842155505","27/0239/23","23.10.2023","397675",,"25.06.2024","31.12.2024","58129475,19","0",,,"133","637","26","23.10.2023","27/0239/23","397675","NullИлиПусто"
"638","19","1255867","АО ГАЗСТРОЙПРОМ","7842155505","30/0447/23","07.02.2024","397678",,"25.06.2024","31.12.2025","71534914,4","0",,,"133","638","26","07.02.2024","30/0447/23","397678","NullИлиПусто"
"639","19","1255867","АО ГАЗСТРОЙПРОМ","7842155505","1702/21","08.09.2021","40003",,"19.04.2022","31.12.2024","65260601,71","0",,,"133","639","26","08.09.2021","1702/21","40003","NullИлиПусто"
"640","19","1255867","АО ГАЗСТРОЙПРОМ","7842155505","0654/19","28.06.2019","41072",,"25.04.2022","31.12.2024","4943016666,67","0",,,"133","640","26","28.06.2019","0654/19","41072","NullИлиПусто"
"641","19","1255867","АО ГАЗСТРОЙПРОМ","7842155505","0654/19","28.06.2019","41074",,"25.04.2022","31.12.2024","246422149,17","0",,,"133","641","26","28.06.2019","0654/19","41074","NullИлиПусто"
"642","19","1255867","АО ГАЗСТРОЙПРОМ","7842155505","0654/19","28.06.2019","41075",,"25.04.2022","31.12.2024","1412733333,33","0",,,"133","642","26","28.06.2019","0654/19","41075","NullИлиПусто"
"643","19","1255867","АО ГАЗСТРОЙПРОМ","7842155505","1557/19","01.08.2019","41190",,"09.04.2024","31.01.2025","208333333,33","0",,,"133","643","26","01.08.2019","1557/19","41190","NullИлиПусто"
"644","19","1255867","АО ГАЗСТРОЙПРОМ","7842155505","28/0224/23","15.01.2024","41229",,"09.04.2024","31.12.2024","2,01","0",,,"133","644","26","15.01.2024","28/0224/23","41229","NullИлиПусто"
"645","19","1255867","АО ГАЗСТРОЙПРОМ","7842155505","28/0247/23","20.10.2023","414515",,"26.06.2024","31.12.2025","987185895,19","0",,,"133","645","26","20.10.2023","28/0247/23","414515","NullИлиПусто"
"646","19","1255867","АО ГАЗСТРОЙПРОМ","7842155505","28/0396/23","04.12.2023","414516",,"26.06.2024","31.12.2025","21083333,33","0",,,"133","646","26","04.12.2023","28/0396/23","414516","NullИлиПусто"
"647","19","1255867","АО ГАЗСТРОЙПРОМ","7842155505","27/0239/23","23.10.2023","414521",,"26.06.2024","31.12.2024","187721398,24","0",,,"133","647","26","23.10.2023","27/0239/23","414521","NullИлиПусто"
"648","19","1255867","АО ГАЗСТРОЙПРОМ","7842155505","34/0255/23","19.07.2024","418596",,"16.09.2024","31.12.2024","26441906,38","0",,,"133","648","26","19.07.2024","34/0255/23","418596","NullИлиПусто"
"649","19","1255867","АО ГАЗСТРОЙПРОМ","7842155505","27/0018/22","30.03.2022","421621",,"22.03.2024","31.12.2024","17182481,47","0",,,"133","649","26","30.03.2022","27/0018/22","421621","NullИлиПусто"
"650","19","1255867","АО ГАЗСТРОЙПРОМ","7842155505","1838-19","10.02.2020","421625",,"22.03.2024","31.12.2024","361069221,34","0",,,"133","650","26","10.02.2020","1838-19","421625","NullИлиПусто"
"651","19","1255867","АО ГАЗСТРОЙПРОМ","7842155505","31/0109/22","15.09.2022","435821",,"27.06.2024","31.12.2025","61125148,5","0",,,"133","651","26","15.09.2022","31/0109/22","435821","NullИлиПусто"
"652","19","1255867","АО ГАЗСТРОЙПРОМ","7842155505","27/0239/23","23.10.2023","435824",,"27.06.2024","31.12.2024","334102267,52","0",,,"133","652","26","23.10.2023","27/0239/23","435824","NullИлиПусто"
"653","19","1255867","АО ГАЗСТРОЙПРОМ","7842155505","30/0447/23","07.02.2024","435825",,"27.06.2024","31.12.2025","30444058,28","0",,,"133","653","26","07.02.2024","30/0447/23","435825","NullИлиПусто"
"654","19","1255867","АО ГАЗСТРОЙПРОМ","7842155505","30/0450/23","07.02.2024","435826",,"27.06.2024","31.12.2024","9968539,2","0",,,"133","654","26","07.02.2024","30/0450/23","435826","NullИлиПусто"
"655","19","1255867","АО ГАЗСТРОЙПРОМ","7842155505","28/0247/23","20.10.2023","435882",,"27.06.2024","31.12.2025","1355857553,03","0",,,"133","655","26","20.10.2023","28/0247/23","435882","NullИлиПусто"
"656","19","1255867","АО ГАЗСТРОЙПРОМ","7842155505","34/0334/22","26.01.2023","43724",,"28.03.2023","31.12.2024","41158333,33","0",,,"133","656","26","26.01.2023","34/0334/22","43724","NullИлиПусто"
"657","19","1255867","АО ГАЗСТРОЙПРОМ","7842155505","34/0334/22","26.01.2023","43725",,"28.03.2023","31.12.2024","88684589,25","0",,,"133","657","26","26.01.2023","34/0334/22","43725","NullИлиПусто"
"658","19","1255867","АО ГАЗСТРОЙПРОМ","7842155505","1838-19","10.02.2020","438935",,"25.03.2024","31.12.2024","145965,51","0",,,"133","658","26","10.02.2020","1838-19","438935","NullИлиПусто"
"659","19","1255867","АО ГАЗСТРОЙПРОМ","7842155505","2581/21","16.07.2021","438937",,"25.03.2024","31.12.2024","147930889,82","0",,,"133","659","26","16.07.2021","2581/21","438937","NullИлиПусто"
"660","19","1255867","АО ГАЗСТРОЙПРОМ","7842155505","31/0109/22","15.09.2022","441092",,"17.09.2024","31.12.2024","1571776027,65","0",,,"133","660","26","15.09.2022","31/0109/22","441092","NullИлиПусто"
"661","19","1255867","АО ГАЗСТРОЙПРОМ","7842155505","1838-19","10.02.2020","441094",,"17.09.2024","31.12.2024","29870863","0",,,"133","661","26","10.02.2020","1838-19","441094","NullИлиПусто"
"662","19","1255867","АО ГАЗСТРОЙПРОМ","7842155505","2583/21","16.07.2021","443088",,"06.12.2024","31.12.2025","398760129,83","0",,,"133","662","26","16.07.2021","2583/21","443088","NullИлиПусто"
"663","19","1255867","АО ГАЗСТРОЙПРОМ","7842155505","1838-19","10.02.2020","443378",,"05.09.2023","31.12.2024","267015946,39","0",,,"133","663","26","10.02.2020","1838-19","443378","NullИлиПусто"
"664","19","1255867","АО ГАЗСТРОЙПРОМ","7842155505","31/0109/22","15.09.2022","443630",,"17.09.2024","31.12.2024","603109848,55","0",,,"133","664","26","15.09.2022","31/0109/22","443630","NullИлиПусто"
"665","19","1255867","АО ГАЗСТРОЙПРОМ","7842155505","25/1594/20","17.03.2021","447689",,"28.06.2024","30.12.2025","7843447,21","0",,,"133","665","26","17.03.2021","25/1594/20","447689","NullИлиПусто"
"666","19","1255867","АО ГАЗСТРОЙПРОМ","7842155505","31/0109/22","15.09.2022","447690",,"28.06.2024","31.12.2025","353931107,32","0",,,"133","666","26","15.09.2022","31/0109/22","447690","NullИлиПусто"
"667","19","1255867","АО ГАЗСТРОЙПРОМ","7842155505","34/0334/22","26.01.2023","447691",,"28.06.2024","31.12.2024","121205686,11","0",,,"133","667","26","26.01.2023","34/0334/22","447691","NullИлиПусто"
"668","19","1255867","АО ГАЗСТРОЙПРОМ","7842155505","28/0247/23","20.10.2023","447692",,"28.06.2024","31.12.2025","286619049,58","0",,,"133","668","26","20.10.2023","28/0247/23","447692","NullИлиПусто"
"669","19","1255867","АО ГАЗСТРОЙПРОМ","7842155505","27/0239/23","23.10.2023","447696",,"28.06.2024","31.12.2024","142466126,22","0",,,"133","669","26","23.10.2023","27/0239/23","447696","NullИлиПусто"
"670","19","1255867","АО ГАЗСТРОЙПРОМ","7842155505","28/0396/23","04.12.2023","449168",,"28.06.2024","31.12.2025","109127048,08","0",,,"133","670","26","04.12.2023","28/0396/23","449168","NullИлиПусто"
"671","19","1255867","АО ГАЗСТРОЙПРОМ","7842155505","0654/19","28.06.2019","45185",,"30.03.2023","31.12.2024","1509765070,08","0",,,"133","671","26","28.06.2019","0654/19","45185","NullИлиПусто"
"672","19","1255867","АО ГАЗСТРОЙПРОМ","7842155505","0654/19","28.06.2019","45186",,"30.03.2023","31.12.2024","59105569,69","0",,,"133","672","26","28.06.2019","0654/19","45186","NullИлиПусто"
"673","19","1255867","АО ГАЗСТРОЙПРОМ","7842155505","0654/19","28.06.2019","45250",,"30.03.2023","31.12.2024","833001117,14","0",,,"133","673","26","28.06.2019","0654/19","45250","NullИлиПусто"
"674","19","1255867","АО ГАЗСТРОЙПРОМ","7842155505","0654/19","28.06.2019","45251",,"30.03.2023","31.12.2024","937799492,12","0",,,"133","674","26","28.06.2019","0654/19","45251","NullИлиПусто"
"675","19","1255867","АО ГАЗСТРОЙПРОМ","7842155505","0654/19","28.06.2019","45252",,"30.03.2023","31.12.2024","1607561096,97","0",,,"133","675","26","28.06.2019","0654/19","45252","NullИлиПусто"
"676","19","1255867","АО ГАЗСТРОЙПРОМ","7842155505","27/0018/22","30.03.2022","454185",,"26.03.2024","31.12.2024","331098","0",,,"133","676","26","30.03.2022","27/0018/22","454185","NullИлиПусто"
"677","19","1255867","АО ГАЗСТРОЙПРОМ","7842155505","1838-19","10.02.2020","454189",,"26.03.2024","31.12.2024","30389657,98","0",,,"133","677","26","10.02.2020","1838-19","454189","NullИлиПусто"
"678","19","1255867","АО ГАЗСТРОЙПРОМ","7842155505","2581/21","16.07.2021","454190",,"26.03.2024","31.12.2024","2473254,61","0",,,"133","678","26","16.07.2021","2581/21","454190","NullИлиПусто"
"679","19","1255867","АО ГАЗСТРОЙПРОМ","7842155505","31/0109/22","15.09.2022","455392",,"18.09.2024","31.12.2024","501086492,37","0",,,"133","679","26","15.09.2022","31/0109/22","455392","NullИлиПусто"
"680","19","1255867","АО ГАЗСТРОЙПРОМ","7842155505","31/0109/22","15.09.2022","455393",,"18.09.2024","31.12.2025","351499220,65","0",,,"133","680","26","15.09.2022","31/0109/22","455393","NullИлиПусто"
"681","19","1255867","АО ГАЗСТРОЙПРОМ","7842155505","1838-19","10.02.2020","467929",,"07.09.2023","31.12.2024","369699325,38","0",,,"133","681","26","10.02.2020","1838-19","467929","NullИлиПусто"
"682","19","1255867","АО ГАЗСТРОЙПРОМ","7842155505","1838-19","10.02.2020","468667",,"27.03.2024","31.12.2024","229256109,83","0",,,"133","682","26","10.02.2020","1838-19","468667","NullИлиПусто"
"683","19","1255867","АО ГАЗСТРОЙПРОМ","7842155505","2581/21","16.07.2021","468671",,"27.03.2024","31.12.2024","374778133,7","0",,,"133","683","26","16.07.2021","2581/21","468671","NullИлиПусто"
"684","19","1255867","АО ГАЗСТРОЙПРОМ","7842155505","34/0255/23","19.07.2024","472870",,"19.09.2024","31.12.2024","23953,14","0",,,"133","684","26","19.07.2024","34/0255/23","472870","NullИлиПусто"
"685","19","1255867","АО ГАЗСТРОЙПРОМ","7842155505","31/0109/22","15.09.2022","472871",,"19.09.2024","31.12.2025","688723282,07","0",,,"133","685","26","15.09.2022","31/0109/22","472871","NullИлиПусто"
"686","19","1255867","АО ГАЗСТРОЙПРОМ","7842155505","34/0255/23","19.07.2024","472872",,"19.09.2024","01.12.2025","51666666,67","0",,,"133","686","26","19.07.2024","34/0255/23","472872","NullИлиПусто"
"687","19","1255867","АО ГАЗСТРОЙПРОМ","7842155505","1838-19","10.02.2020","479359",,"08.09.2023","31.12.2024","2567913,96","0",,,"133","687","26","10.02.2020","1838-19","479359","NullИлиПусто"
"688","19","1255867","АО ГАЗСТРОЙПРОМ","7842155505","27/0018/22","30.03.2022","483093",,"28.03.2024","31.12.2024","18168698,02","0",,,"133","688","26","30.03.2022","27/0018/22","483093","NullИлиПусто"
"689","19","1255867","АО ГАЗСТРОЙПРОМ","7842155505","1838-19","10.02.2020","483097",,"28.03.2024","31.12.2024","135481331,91","0",,,"133","689","26","10.02.2020","1838-19","483097","NullИлиПусто"
"690","19","1255867","АО ГАЗСТРОЙПРОМ","7842155505","2581/21","16.07.2021","483099",,"28.03.2024","31.12.2024","73548106,7","0",,,"133","690","26","16.07.2021","2581/21","483099","NullИлиПусто"
"691","19","1255867","АО ГАЗСТРОЙПРОМ","7842155505","31/0109/22","15.09.2022","488417",,"20.09.2024","31.12.2025","38957423,57","0",,,"133","691","26","15.09.2022","31/0109/22","488417","NullИлиПусто"
"692","19","1255867","АО ГАЗСТРОЙПРОМ","7842155505","1838-19","10.02.2020","489077",,"19.12.2023","31.12.2024","231129497,3","0",,,"133","692","26","10.02.2020","1838-19","489077","NullИлиПусто"
"693","19","1255867","АО ГАЗСТРОЙПРОМ","7842155505","2581/21","16.07.2021","489079",,"19.12.2023","30.06.2025","598233028,27","0",,,"133","693","26","16.07.2021","2581/21","489079","NullИлиПусто"
"694","19","1255867","АО ГАЗСТРОЙПРОМ","7842155505","2583/21","16.07.2021","489857",,"10.12.2024","31.12.2025","24711612,18","0",,,"133","694","26","16.07.2021","2583/21","489857","NullИлиПусто"
"695","19","1255867","АО ГАЗСТРОЙПРОМ","7842155505","1838-19","10.02.2020","493944",,"11.09.2023","31.12.2024","48357743,87","0",,,"133","695","26","10.02.2020","1838-19","493944","NullИлиПусто"
"696","19","1255867","АО ГАЗСТРОЙПРОМ","7842155505","1838-19","10.02.2020","496534",,"29.03.2024","31.12.2024","76991046,76","0",,,"133","696","26","10.02.2020","1838-19","496534","NullИлиПусто"
"697","19","1255867","АО ГАЗСТРОЙПРОМ","7842155505","2581/21","16.07.2021","496535",,"29.03.2024","31.12.2024","207676035,3","0",,,"133","697","26","16.07.2021","2581/21","496535","NullИлиПусто"
"698","19","1255867","АО ГАЗСТРОЙПРОМ","7842155505","2581/21","16.07.2021","499199",,"29.03.2024","31.12.2024","26258205,57","0",,,"133","698","26","16.07.2021","2581/21","499199","NullИлиПусто"
"699","19","1255867","АО ГАЗСТРОЙПРОМ","7842155505","28/0247/23","20.10.2023","49931",,"08.05.2024","31.12.2024","24426346,3","0",,,"133","699","26","20.10.2023","28/0247/23","49931","NullИлиПусто"
"700","19","1255867","АО ГАЗСТРОЙПРОМ","7842155505","0654/19","28.06.2019","50194",,"26.05.2022","31.12.2024","5465133333,33","0",,,"133","700","26","28.06.2019","0654/19","50194","NullИлиПусто"
"701","19","1255867","АО ГАЗСТРОЙПРОМ","7842155505","1838-19","10.02.2020","502835",,"20.12.2023","31.12.2024","248870502,7","0",,,"133","701","26","10.02.2020","1838-19","502835","NullИлиПусто"
"702","19","1255867","АО ГАЗСТРОЙПРОМ","7842155505","1838-19","10.02.2020","502836",,"20.12.2023","31.12.2024","968558333,33","0",,,"133","702","26","10.02.2020","1838-19","502836","NullИлиПусто"
"703","19","1255867","АО ГАЗСТРОЙПРОМ","7842155505","2581/21","16.07.2021","502842",,"20.12.2023","30.06.2025","15372860,23","0",,,"133","703","26","16.07.2021","2581/21","502842","NullИлиПусто"
"704","19","1255867","АО ГАЗСТРОЙПРОМ","7842155505","0654/19","28.06.2019","50333",,"07.07.2021","31.12.2024","234423593,93","0",,,"133","704","26","28.06.2019","0654/19","50333","NullИлиПусто"
"705","19","1255867","АО ГАЗСТРОЙПРОМ","7842155505","0654/19","28.06.2019","50334",,"07.07.2021","31.12.2024","140249810,47","0",,,"133","705","26","28.06.2019","0654/19","50334","NullИлиПусто"
"706","19","1255867","АО ГАЗСТРОЙПРОМ","7842155505","0654/19","28.06.2019","50684",,"26.05.2022","31.12.2024","576592500","0",,,"133","706","26","28.06.2019","0654/19","50684","NullИлиПусто"
"707","19","1255867","АО ГАЗСТРОЙПРОМ","7842155505","31/0109/22","15.09.2022","508311",,"23.09.2024","31.12.2025","19269322,8","0",,,"133","707","26","15.09.2022","31/0109/22","508311","NullИлиПусто"
"708","19","1255867","АО ГАЗСТРОЙПРОМ","7842155505","28/0224/23","15.01.2024","508313",,"23.09.2024","31.12.2024","3842095,7","0",,,"133","708","26","15.01.2024","28/0224/23","508313","NullИлиПусто"
"709","19","1255867","АО ГАЗСТРОЙПРОМ","7842155505","28/0301/23","18.01.2024","508314",,"23.09.2024","31.12.2024","29826796,52","0",,,"133","709","26","18.01.2024","28/0301/23","508314","NullИлиПусто"
"710","19","1255867","АО ГАЗСТРОЙПРОМ","7842155505","28/0044/24","04.04.2024","508315",,"23.09.2024","31.12.2024","78190000","0",,,"133","710","26","04.04.2024","28/0044/24","508315","NullИлиПусто"
"711","19","1255867","АО ГАЗСТРОЙПРОМ","7842155505","28/0039/24","04.04.2024","508316",,"23.09.2024","31.12.2025","49899555,42","0",,,"133","711","26","04.04.2024","28/0039/24","508316","NullИлиПусто"
"712","19","1255867","АО ГАЗСТРОЙПРОМ","7842155505","28/0092/24","11.04.2024","508318",,"23.09.2024","31.12.2025","31568227,73","0",,,"133","712","26","11.04.2024","28/0092/24","508318","NullИлиПусто"
"713","19","1255867","АО ГАЗСТРОЙПРОМ","7842155505","2583/21","16.07.2021","510013",,"11.12.2024","31.12.2025","219996,75","0",,,"133","713","26","16.07.2021","2583/21","510013","NullИлиПусто"
"714","19","1255867","АО ГАЗСТРОЙПРОМ","7842155505","1027/19","21.08.2019","51493",,"30.05.2022","31.12.2024","177189166,67","0",,,"133","714","26","21.08.2019","1027/19","51493","NullИлиПусто"
"715","19","1255867","АО ГАЗСТРОЙПРОМ","7842155505","1838-19","10.02.2020","52514",,"07.11.2023","31.12.2024","156296040,73","0",,,"133","715","26","10.02.2020","1838-19","52514","NullИлиПусто"
"716","19","1255867","АО ГАЗСТРОЙПРОМ","7842155505","2584/21","16.07.2021","527967",,"24.09.2024","31.12.2025","31201827,86","0",,,"133","716","26","16.07.2021","2584/21","527967","NullИлиПусто"
"717","19","1255867","АО ГАЗСТРОЙПРОМ","7842155505","28/0039/24","04.04.2024","527968",,"24.09.2024","31.12.2025","43920297,8","0",,,"133","717","26","04.04.2024","28/0039/24","527968","NullИлиПусто"
"718","19","1255867","АО ГАЗСТРОЙПРОМ","7842155505","28/0064/24","15.04.2024","527969",,"24.09.2024","31.12.2025","156108785,95","0",,,"133","718","26","15.04.2024","28/0064/24","527969","NullИлиПусто"
"719","19","1255867","АО ГАЗСТРОЙПРОМ","7842155505","28/0039/24","04.04.2024","528732",,"24.09.2024","31.12.2025","38831500,83","0",,,"133","719","26","04.04.2024","28/0039/24","528732","NullИлиПусто"
"720","19","1255867","АО ГАЗСТРОЙПРОМ","7842155505","31/0109/22","15.09.2022","541441",,"25.09.2024","31.12.2025","194392051,06","0",,,"133","720","26","15.09.2022","31/0109/22","541441","NullИлиПусто"
"721","19","1255867","АО ГАЗСТРОЙПРОМ","7842155505","2584/21","16.07.2021","541444",,"25.09.2024","31.12.2025","6177065","0",,,"133","721","26","16.07.2021","2584/21","541444","NullИлиПусто"
"722","19","1255867","АО ГАЗСТРОЙПРОМ","7842155505","28/0224/23","15.01.2024","541445",,"25.09.2024","31.12.2024","4719707,85","0",,,"133","722","26","15.01.2024","28/0224/23","541445","NullИлиПусто"
"723","19","1255867","АО ГАЗСТРОЙПРОМ","7842155505","28/0044/24","04.04.2024","541447",,"25.09.2024","31.12.2024","14260581,68","0",,,"133","723","26","04.04.2024","28/0044/24","541447","NullИлиПусто"
"724","19","1255867","АО ГАЗСТРОЙПРОМ","7842155505","28/0039/24","04.04.2024","541448",,"25.09.2024","31.12.2025","6452932,54","0",,,"133","724","26","04.04.2024","28/0039/24","541448","NullИлиПусто"
"725","19","1255867","АО ГАЗСТРОЙПРОМ","7842155505","28/0046/24","04.04.2024","541449",,"25.09.2024","31.12.2024","7783174,67","0",,,"133","725","26","04.04.2024","28/0046/24","541449","NullИлиПусто"
"726","19","1255867","АО ГАЗСТРОЙПРОМ","7842155505","28/0092/24","11.04.2024","541450",,"25.09.2024","31.12.2025","304650","0",,,"133","726","26","11.04.2024","28/0092/24","541450","NullИлиПусто"
"727","19","1255867","АО ГАЗСТРОЙПРОМ","7842155505","28/0064/24","15.04.2024","541451",,"25.09.2024","31.12.2025","18542540,83","0",,,"133","727","26","15.04.2024","28/0064/24","541451","NullИлиПусто"
"728","19","1255867","АО ГАЗСТРОЙПРОМ","7842155505","2590/21","16.07.2021","54350",,"17.05.2024","31.12.2024","585747775,08","0",,,"133","728","26","16.07.2021","2590/21","54350","NullИлиПусто"
"729","19","1255867","АО ГАЗСТРОЙПРОМ","7842155505","1838-19","10.02.2020","545223",,"15.09.2023","31.12.2024","23165195,83","0",,,"133","729","26","10.02.2020","1838-19","545223","NullИлиПусто"
"730","19","1255867","АО ГАЗСТРОЙПРОМ","7842155505","25/201/0111/22","01.03.2022","54554",,"20.05.2024","31.12.2025","41666666,67","0",,,"133","730","26","01.03.2022","25/201/0111/22","54554","NullИлиПусто"
"731","19","1255867","АО ГАЗСТРОЙПРОМ","7842155505","27/0239/23","23.10.2023","55013",,"16.08.2024","31.12.2024","11224950","0",,,"133","731","26","23.10.2023","27/0239/23","55013","NullИлиПусто"
"732","19","1255867","АО ГАЗСТРОЙПРОМ","7842155505","30/0039/22","19.04.2022","55292",,"08.06.2022","30.04.2023","91064533,04","91064533,04",,,"133","732","26","19.04.2022","30/0039/22","55292","NullИлиПусто"
"733","19","1255867","АО ГАЗСТРОЙПРОМ","7842155505","2269/19","01.10.2019","55310",,"08.06.2022","31.12.2024","808329608,4","0",,,"133","733","26","01.10.2019","2269/19","55310","NullИлиПусто"
"734","19","1255867","АО ГАЗСТРОЙПРОМ","7842155505","2269/19","01.10.2019","55311",,"08.06.2022","31.12.2024","920033333,33","0",,,"133","734","26","01.10.2019","2269/19","55311","NullИлиПусто"
"735","19","1255867","АО ГАЗСТРОЙПРОМ","7842155505","30/0320/21","22.04.2022","55322",,"08.06.2022","31.12.2023","1187362,68","1187362,68",,,"133","735","26","22.04.2022","30/0320/21","55322","NullИлиПусто"
"736","19","1255867","АО ГАЗСТРОЙПРОМ","7842155505","28/0224/23","15.01.2024","557508",,"26.09.2024","31.12.2024","177786,28","0",,,"133","736","26","15.01.2024","28/0224/23","557508","NullИлиПусто"
"737","19","1255867","АО ГАЗСТРОЙПРОМ","7842155505","28/0039/24","04.04.2024","557510",,"26.09.2024","31.12.2025","4651855,08","0",,,"133","737","26","04.04.2024","28/0039/24","557510","NullИлиПусто"
"738","19","1255867","АО ГАЗСТРОЙПРОМ","7842155505","28/0046/24","04.04.2024","557511",,"26.09.2024","31.12.2024","1699526,12","0",,,"133","738","26","04.04.2024","28/0046/24","557511","NullИлиПусто"
"739","19","1255867","АО ГАЗСТРОЙПРОМ","7842155505","28/0064/24","15.04.2024","557512",,"26.09.2024","31.12.2025","16061569,92","0",,,"133","739","26","15.04.2024","28/0064/24","557512","NullИлиПусто"
"740","19","1255867","АО ГАЗСТРОЙПРОМ","7842155505","28/0247/23","20.10.2023","557513",,"26.09.2024","31.12.2025","2682192856,16","0",,,"133","740","26","20.10.2023","28/0247/23","557513","NullИлиПусто"
"741","19","1255867","АО ГАЗСТРОЙПРОМ","7842155505","28/0239/24","20.06.2024","557514",,"26.09.2024","31.12.2025","9283752,49","0",,,"133","741","26","20.06.2024","28/0239/24","557514","NullИлиПусто"
"742","19","1255867","АО ГАЗСТРОЙПРОМ","7842155505","28/0092/24","11.04.2024","559373",,"26.09.2024","31.12.2025","9079705,87","0",,,"133","742","26","11.04.2024","28/0092/24","559373","NullИлиПусто"
"743","19","1255867","АО ГАЗСТРОЙПРОМ","7842155505","28/0064/24","15.04.2024","559374",,"26.09.2024","31.12.2025","38432674,3","0",,,"133","743","26","15.04.2024","28/0064/24","559374","NullИлиПусто"
"744","19","1255867","АО ГАЗСТРОЙПРОМ","7842155505","28/0247/23","20.10.2023","559375",,"26.09.2024","31.12.2025","377946924,17","0",,,"133","744","26","20.10.2023","28/0247/23","559375","NullИлиПусто"
"745","19","1255867","АО ГАЗСТРОЙПРОМ","7842155505","1838-19","10.02.2020","560914",,"18.09.2023","31.12.2024","104834103,32","0",,,"133","745","26","10.02.2020","1838-19","560914","NullИлиПусто"
"746","19","1255867","АО ГАЗСТРОЙПРОМ","7842155505","27/0309/22","10.11.2022","570618",,"05.04.2024","31.12.2024","87803128,6","0",,,"133","746","26","10.11.2022","27/0309/22","570618","NullИлиПусто"
"747","19","1255867","АО ГАЗСТРОЙПРОМ","7842155505","1838-19","10.02.2020","570619",,"05.04.2024","31.12.2024","64992459,84","0",,,"133","747","26","10.02.2020","1838-19","570619","NullИлиПусто"
"748","19","1255867","АО ГАЗСТРОЙПРОМ","7842155505","2584/21","16.07.2021","572335",,"27.09.2024","31.12.2025","14164646,79","0",,,"133","748","26","16.07.2021","2584/21","572335","NullИлиПусто"
"749","19","1255867","АО ГАЗСТРОЙПРОМ","7842155505","28/0224/23","15.01.2024","572336",,"27.09.2024","31.12.2024","1902505,87","0",,,"133","749","26","15.01.2024","28/0224/23","572336","NullИлиПусто"
"750","19","1255867","АО ГАЗСТРОЙПРОМ","7842155505","28/0301/23","18.01.2024","572337",,"27.09.2024","31.12.2024","2770,49","0",,,"133","750","26","18.01.2024","28/0301/23","572337","NullИлиПусто"
"751","19","1255867","АО ГАЗСТРОЙПРОМ","7842155505","28/0044/24","04.04.2024","572338",,"27.09.2024","31.12.2024","632751,65","0",,,"133","751","26","04.04.2024","28/0044/24","572338","NullИлиПусто"
"752","19","1255867","АО ГАЗСТРОЙПРОМ","7842155505","28/0092/24","11.04.2024","572339",,"27.09.2024","31.12.2025","6822165,6","0",,,"133","752","26","11.04.2024","28/0092/24","572339","NullИлиПусто"
"753","19","1255867","АО ГАЗСТРОЙПРОМ","7842155505","28/0064/24","15.04.2024","572340",,"27.09.2024","31.12.2025","196263430,83","0",,,"133","753","26","15.04.2024","28/0064/24","572340","NullИлиПусто"
"754","19","1255867","АО ГАЗСТРОЙПРОМ","7842155505","28/0247/23","20.10.2023","572341",,"27.09.2024","31.12.2025","1277039205,15","0",,,"133","754","26","20.10.2023","28/0247/23","572341","NullИлиПусто"
"755","19","1255867","АО ГАЗСТРОЙПРОМ","7842155505","28/0396/23","04.12.2023","572342",,"27.09.2024","31.12.2024","114311591,13","0",,,"133","755","26","04.12.2023","28/0396/23","572342","NullИлиПусто"
"756","19","1255867","АО ГАЗСТРОЙПРОМ","7842155505","28/0394/23","04.12.2023","572343",,"27.09.2024","31.12.2024","6181907,61","0",,,"133","756","26","04.12.2023","28/0394/23","572343","NullИлиПусто"
"757","19","1255867","АО ГАЗСТРОЙПРОМ","7842155505","28/0002/24","13.03.2024","572344",,"27.09.2024","31.12.2024","31118050,74","0",,,"133","757","26","13.03.2024","28/0002/24","572344","NullИлиПусто"
"758","19","1255867","АО ГАЗСТРОЙПРОМ","7842155505","28/0148/24","03.05.2024","572347",,"27.09.2024","31.12.2024","178196743,16","0",,,"133","758","26","03.05.2024","28/0148/24","572347","NullИлиПусто"
"759","19","1255867","АО ГАЗСТРОЙПРОМ","7842155505","28/0157/24","04.06.2024","572349",,"27.09.2024","31.12.2025","96024015,99","0",,,"133","759","26","04.06.2024","28/0157/24","572349","NullИлиПусто"
"760","19","1255867","АО ГАЗСТРОЙПРОМ","7842155505","28/0239/24","20.06.2024","572351",,"27.09.2024","31.12.2025","195344438,27","0",,,"133","760","26","20.06.2024","28/0239/24","572351","NullИлиПусто"
"761","19","1255867","АО ГАЗСТРОЙПРОМ","7842155505","28/0224/23","15.01.2024","572354",,"27.09.2024","31.12.2024","44859211,28","0",,,"133","761","26","15.01.2024","28/0224/23","572354","NullИлиПусто"
"762","19","1255867","АО ГАЗСТРОЙПРОМ","7842155505","28/0301/23","18.01.2024","572355",,"27.09.2024","31.12.2024","4619270,19","0",,,"133","762","26","18.01.2024","28/0301/23","572355","NullИлиПусто"
"763","19","1255867","АО ГАЗСТРОЙПРОМ","7842155505","28/0044/24","04.04.2024","572356",,"27.09.2024","31.12.2024","16562295,8","0",,,"133","763","26","04.04.2024","28/0044/24","572356","NullИлиПусто"
"764","19","1255867","АО ГАЗСТРОЙПРОМ","7842155505","28/0247/23","20.10.2023","57429",,"29.05.2024","31.12.2024","754412431,64","0",,,"133","764","26","20.10.2023","28/0247/23","57429","NullИлиПусто"
"765","19","1255867","АО ГАЗСТРОЙПРОМ","7842155505","28/0247/23","20.10.2023","574515",,"27.09.2024","31.12.2025","95478738,51","0",,,"133","765","26","20.10.2023","28/0247/23","574515","NullИлиПусто"
"766","19","1255867","АО ГАЗСТРОЙПРОМ","7842155505","28/0239/24","20.06.2024","574516",,"27.09.2024","31.12.2025","33292148,92","0",,,"133","766","26","20.06.2024","28/0239/24","574516","NullИлиПусто"
"767","19","1255867","АО ГАЗСТРОЙПРОМ","7842155505","27/0309/22","10.11.2022","578925",,"27.12.2023","31.12.2024","65584230,58","0",,,"133","767","26","10.11.2022","27/0309/22","578925","NullИлиПусто"
"768","19","1255867","АО ГАЗСТРОЙПРОМ","7842155505","2581/21","16.07.2021","578926",,"27.12.2023","30.06.2025","4727444,83","0",,,"133","768","26","16.07.2021","2581/21","578926","NullИлиПусто"
"769","19","1255867","АО ГАЗСТРОЙПРОМ","7842155505","2581/21","16.07.2021","583568",,"23.01.2023","31.12.2024","961750000","0",,,"133","769","26","16.07.2021","2581/21","583568","NullИлиПусто"
"770","19","1255867","АО ГАЗСТРОЙПРОМ","7842155505","2581/21","16.07.2021","583569",,"23.01.2023","31.12.2024","155470606,38","0",,,"133","770","26","16.07.2021","2581/21","583569","NullИлиПусто"
"771","19","1255867","АО ГАЗСТРОЙПРОМ","7842155505","27/0309/22","10.11.2022","588386",,"08.04.2024","31.12.2024","6380157,38","0",,,"133","771","26","10.11.2022","27/0309/22","588386","NullИлиПусто"
"772","19","1255867","АО ГАЗСТРОЙПРОМ","7842155505","1838-19","10.02.2020","588387",,"08.04.2024","31.12.2024","80494330,74","0",,,"133","772","26","10.02.2020","1838-19","588387","NullИлиПусто"
"773","19","1255867","АО ГАЗСТРОЙПРОМ","7842155505","34/0018/22","26.05.2022","59037",,"22.06.2022","31.12.2024","21833043,36","0",,,"133","773","26","26.05.2022","34/0018/22","59037","NullИлиПусто"
"774","19","1255867","АО ГАЗСТРОЙПРОМ","7842155505","2583/21","16.07.2021","59330",,"23.06.2022","31.12.2024","710516641,44","0",,,"133","774","26","16.07.2021","2583/21","59330","NullИлиПусто"
"775","19","1255867","АО ГАЗСТРОЙПРОМ","7842155505","27/0309/22","10.11.2022","593543",,"08.04.2024","31.12.2024","5246000,65","0",,,"133","775","26","10.11.2022","27/0309/22","593543","NullИлиПусто"
"776","19","1255867","АО ГАЗСТРОЙПРОМ","7842155505","28/0039/24","04.04.2024","595964",,"30.09.2024","31.12.2025","42469743","0",,,"133","776","26","04.04.2024","28/0039/24","595964","NullИлиПусто"
"777","19","1255867","АО ГАЗСТРОЙПРОМ","7842155505","28/0046/24","04.04.2024","595965",,"30.09.2024","31.12.2024","2615959,17","0",,,"133","777","26","04.04.2024","28/0046/24","595965","NullИлиПусто"
"778","19","1255867","АО ГАЗСТРОЙПРОМ","7842155505","28/0092/24","11.04.2024","595966",,"30.09.2024","31.12.2025","33897999,01","0",,,"133","778","26","11.04.2024","28/0092/24","595966","NullИлиПусто"
"779","19","1255867","АО ГАЗСТРОЙПРОМ","7842155505","28/0064/24","15.04.2024","595967",,"30.09.2024","31.12.2025","12387809,93","0",,,"133","779","26","15.04.2024","28/0064/24","595967","NullИлиПусто"
"780","19","1255867","АО ГАЗСТРОЙПРОМ","7842155505","28/0247/23","20.10.2023","595968",,"30.09.2024","31.12.2025","1419902820","0",,,"133","780","26","20.10.2023","28/0247/23","595968","NullИлиПусто"
"781","19","1255867","АО ГАЗСТРОЙПРОМ","7842155505","28/0394/23","04.12.2023","595969",,"30.09.2024","31.12.2024","314234442,32","0",,,"133","781","26","04.12.2023","28/0394/23","595969","NullИлиПусто"
"782","19","1255867","АО ГАЗСТРОЙПРОМ","7842155505","28/0002/24","13.03.2024","595970",,"30.09.2024","31.12.2024","116926166,5","0",,,"133","782","26","13.03.2024","28/0002/24","595970","NullИлиПусто"
"783","19","1255867","АО ГАЗСТРОЙПРОМ","7842155505","28/0157/24","04.06.2024","595974",,"30.09.2024","31.12.2025","7107725,27","0",,,"133","783","26","04.06.2024","28/0157/24","595974","NullИлиПусто"
"784","19","1255867","АО ГАЗСТРОЙПРОМ","7842155505","28/0224/23","15.01.2024","595977",,"30.09.2024","31.12.2024","10707257,88","0",,,"133","784","26","15.01.2024","28/0224/23","595977","NullИлиПусто"
"785","19","1255867","АО ГАЗСТРОЙПРОМ","7842155505","28/0301/23","18.01.2024","595978",,"30.09.2024","31.12.2024","9979040,22","0",,,"133","785","26","18.01.2024","28/0301/23","595978","NullИлиПусто"
"786","19","1255867","АО ГАЗСТРОЙПРОМ","7842155505","28/0044/24","04.04.2024","595979",,"30.09.2024","31.12.2024","35632401,71","0",,,"133","786","26","04.04.2024","28/0044/24","595979","NullИлиПусто"
"787","19","1255867","АО ГАЗСТРОЙПРОМ","7842155505","28/0046/24","04.04.2024","595980",,"30.09.2024","31.12.2024","26077367,72","0",,,"133","787","26","04.04.2024","28/0046/24","595980","NullИлиПусто"
"788","19","1255867","АО ГАЗСТРОЙПРОМ","7842155505","28/0039/24","04.04.2024","597333",,"30.09.2024","31.12.2025","9830,07","0",,,"133","788","26","04.04.2024","28/0039/24","597333","NullИлиПусто"
"789","19","1255867","АО ГАЗСТРОЙПРОМ","7842155505","28/0247/23","20.10.2023","597334",,"30.09.2024","31.12.2025","30035157,05","0",,,"133","789","26","20.10.2023","28/0247/23","597334","NullИлиПусто"
"790","19","1255867","АО ГАЗСТРОЙПРОМ","7842155505","28/0002/24","13.03.2024","597335",,"30.09.2024","31.12.2024","8170,68","0",,,"133","790","26","13.03.2024","28/0002/24","597335","NullИлиПусто"
"791","19","1255867","АО ГАЗСТРОЙПРОМ","7842155505","2583/21","16.07.2021","604056",,"11.07.2024","31.12.2024","60298734,92","0",,,"133","791","26","16.07.2021","2583/21","604056","NullИлиПусто"
"792","19","1255867","АО ГАЗСТРОЙПРОМ","7842155505","28/0044/24","04.04.2024","604057",,"11.07.2024","31.12.2024","575802,36","0",,,"133","792","26","04.04.2024","28/0044/24","604057","NullИлиПусто"
"793","19","1255867","АО ГАЗСТРОЙПРОМ","7842155505","28/0039/24","04.04.2024","604058",,"11.07.2024","31.12.2024","11169282,59","0",,,"133","793","26","04.04.2024","28/0039/24","604058","NullИлиПусто"
"794","19","1255867","АО ГАЗСТРОЙПРОМ","7842155505","27/0309/22","10.11.2022","604429",,"09.04.2024","31.12.2024","133123419,47","0",,,"133","794","26","10.11.2022","27/0309/22","604429","NullИлиПусто"
"795","19","1255867","АО ГАЗСТРОЙПРОМ","7842155505","1838-19","10.02.2020","604430",,"09.04.2024","31.12.2024","71808133,34","0",,,"133","795","26","10.02.2020","1838-19","604430","NullИлиПусто"
"796","19","1255867","АО ГАЗСТРОЙПРОМ","7842155505","27/0309/22","10.11.2022","607836",,"29.12.2023","31.12.2024","101082436,09","0",,,"133","796","26","10.11.2022","27/0309/22","607836","NullИлиПусто"
"797","19","1255867","АО ГАЗСТРОЙПРОМ","7842155505","1838-19","10.02.2020","612175",,"22.09.2023","31.12.2024","191738255,63","0",,,"133","797","26","10.02.2020","1838-19","612175","NullИлиПусто"
"798","19","1255867","АО ГАЗСТРОЙПРОМ","7842155505","1838-19","10.02.2020","612176",,"22.09.2023","31.12.2024","116083333,33","0",,,"133","798","26","10.02.2020","1838-19","612176","NullИлиПусто"
"799","19","1255867","АО ГАЗСТРОЙПРОМ","7842155505","28/0157/24","04.06.2024","618399",,"18.12.2024","31.12.2025","19955534,05","0",,,"133","799","26","04.06.2024","28/0157/24","618399","NullИлиПусто"
"800","19","1255867","АО ГАЗСТРОЙПРОМ","7842155505","28/0256/23","04.12.2023","619277",,"12.07.2024","31.12.2024","13651605,93","0",,,"133","800","26","04.12.2023","28/0256/23","619277","NullИлиПусто"
"801","19","1255867","АО ГАЗСТРОЙПРОМ","7842155505","28/0039/24","04.04.2024","619278",,"12.07.2024","31.12.2024","862413,95","0",,,"133","801","26","04.04.2024","28/0039/24","619278","NullИлиПусто"
"802","19","1255867","АО ГАЗСТРОЙПРОМ","7842155505","1838-19","10.02.2020","620311",,"10.04.2024","31.12.2024","57358533,32","0",,,"133","802","26","10.02.2020","1838-19","620311","NullИлиПусто"
"803","19","1255867","АО ГАЗСТРОЙПРОМ","7842155505","1702/21","08.09.2021","62130",,"18.05.2023","31.12.2024","252752364,85","0",,,"133","803","26","08.09.2021","1702/21","62130","NullИлиПусто"
"804","19","1255867","АО ГАЗСТРОЙПРОМ","7842155505","25/201/0111/22","01.03.2022","62579",,"11.07.2022","31.12.2025","101142075,71","0",,,"133","804","26","01.03.2022","25/201/0111/22","62579","NullИлиПусто"
"805","19","1255867","АО ГАЗСТРОЙПРОМ","7842155505","1838-19","10.02.2020","634031",,"11.04.2024","31.12.2024","68625203,5","0",,,"133","805","26","10.02.2020","1838-19","634031","NullИлиПусто"
"806","19","1255867","АО ГАЗСТРОЙПРОМ","7842155505","2583/21","16.07.2021","634482",,"30.01.2023","31.12.2024","328523645,6","0",,,"133","806","26","16.07.2021","2583/21","634482","NullИлиПусто"
"807","19","1255867","АО ГАЗСТРОЙПРОМ","7842155505","28/0157/24","04.06.2024","638470",,"19.12.2024","31.12.2025","69166,67","0",,,"133","807","26","04.06.2024","28/0157/24","638470","NullИлиПусто"
"808","19","1255867","АО ГАЗСТРОЙПРОМ","7842155505","2583/21","16.07.2021","638876",,"15.07.2024","31.12.2024","110990535,29","0",,,"133","808","26","16.07.2021","2583/21","638876","NullИлиПусто"
"809","19","1255867","АО ГАЗСТРОЙПРОМ","7842155505","28/0256/23","04.12.2023","638878",,"15.07.2024","31.12.2024","7384199,49","0",,,"133","809","26","04.12.2023","28/0256/23","638878","NullИлиПусто"
"810","19","1255867","АО ГАЗСТРОЙПРОМ","7842155505","28/0064/24","15.04.2024","638880",,"15.07.2024","31.12.2024","792609,62","0",,,"133","810","26","15.04.2024","28/0064/24","638880","NullИлиПусто"
"811","19","1255867","АО ГАЗСТРОЙПРОМ","7842155505","27/0309/22","10.11.2022","646820",,"12.04.2024","31.12.2024","10835663,67","0",,,"133","811","26","10.11.2022","27/0309/22","646820","NullИлиПусто"
"812","19","1255867","АО ГАЗСТРОЙПРОМ","7842155505","1027/19","21.08.2019","64683",,"02.09.2021","31.12.2024","523306829,9","0",,,"133","812","26","21.08.2019","1027/19","64683","NullИлиПусто"
"813","19","1255867","АО ГАЗСТРОЙПРОМ","7842155505","2269/19","01.10.2019","65385",,"26.05.2023","31.12.2024","1412051781,4","0",,,"133","813","26","01.10.2019","2269/19","65385","NullИлиПусто"
"814","19","1255867","АО ГАЗСТРОЙПРОМ","7842155505","2269/19","01.10.2019","65386",,"26.05.2023","31.12.2024","470182709,76","0",,,"133","814","26","01.10.2019","2269/19","65386","NullИлиПусто"
"815","19","1255867","АО ГАЗСТРОЙПРОМ","7842155505","2269/19","01.10.2019","65387",,"26.05.2023","31.12.2024","562186565,14","0",,,"133","815","26","01.10.2019","2269/19","65387","NullИлиПусто"
"816","19","1255867","АО ГАЗСТРОЙПРОМ","7842155505","33/0054/23","21.06.2024","656336",,"20.12.2024","31.12.2025","3924910,31","0",,,"133","816","26","21.06.2024","33/0054/23","656336","NullИлиПусто"
"817","19","1255867","АО ГАЗСТРОЙПРОМ","7842155505","28/0157/24","04.06.2024","656338",,"20.12.2024","31.12.2025","505472807,83","0",,,"133","817","26","04.06.2024","28/0157/24","656338","NullИлиПусто"
"818","19","1255867","АО ГАЗСТРОЙПРОМ","7842155505","03-652/07-18-534-АУ/","07.05.2019","656339",,"20.12.2024","31.12.2025","275081340,57","0",,,"133","818","26","07.05.2019","03-652/07-18-534-АУ/","656339","NullИлиПусто"
"819","19","1255867","АО ГАЗСТРОЙПРОМ","7842155505","28/0239/24","20.06.2024","656341",,"20.12.2024","31.12.2025","106077832,27","0",,,"133","819","26","20.06.2024","28/0239/24","656341","NullИлиПусто"
"820","19","1255867","АО ГАЗСТРОЙПРОМ","7842155505","2583/21","16.07.2021","658953",,"16.07.2024","31.12.2024","45294232,23","0",,,"133","820","26","16.07.2021","2583/21","658953","NullИлиПусто"
"821","19","1255867","АО ГАЗСТРОЙПРОМ","7842155505","28/0396/23","04.12.2023","658956",,"16.07.2024","31.07.2025","122138607,22","0",,,"133","821","26","04.12.2023","28/0396/23","658956","NullИлиПусто"
"822","19","1255867","АО ГАЗСТРОЙПРОМ","7842155505","28/0039/24","04.04.2024","658960",,"16.07.2024","31.07.2025","110410228,62","0",,,"133","822","26","04.04.2024","28/0039/24","658960","NullИлиПусто"
"823","19","1255867","АО ГАЗСТРОЙПРОМ","7842155505","1684/19","13.09.2019","66431",,"31.05.2023","31.12.2024","6097798,91","0",,,"133","823","26","13.09.2019","1684/19","66431","NullИлиПусто"
"824","19","1255867","АО ГАЗСТРОЙПРОМ","7842155505","27/0309/22","10.11.2022","664757",,"15.04.2024","31.12.2024","127041871,57","0",,,"133","824","26","10.11.2022","27/0309/22","664757","NullИлиПусто"
"825","19","1255867","АО ГАЗСТРОЙПРОМ","7842155505","1838-19","10.02.2020","664758",,"15.04.2024","31.12.2024","81888005,92","0",,,"133","825","26","10.02.2020","1838-19","664758","NullИлиПусто"
"826","19","1255867","АО ГАЗСТРОЙПРОМ","7842155505","1838-19","10.02.2020","664759",,"15.04.2024","31.12.2024","35841653,36","0",,,"133","826","26","10.02.2020","1838-19","664759","NullИлиПусто"
"827","19","1255867","АО ГАЗСТРОЙПРОМ","7842155505","1838-19","10.02.2020","664763",,"15.04.2024","31.12.2024","1394856,31","0",,,"133","827","26","10.02.2020","1838-19","664763","NullИлиПусто"
"828","19","1255867","АО ГАЗСТРОЙПРОМ","7842155505","28/0396/23","04.12.2023","673397",,"17.07.2024","31.07.2025","122066132,07","0",,,"133","828","26","04.12.2023","28/0396/23","673397","NullИлиПусто"
"829","19","1255867","АО ГАЗСТРОЙПРОМ","7842155505","28/0044/24","04.04.2024","673401",,"17.07.2024","31.12.2024","804510,02","0",,,"133","829","26","04.04.2024","28/0044/24","673401","NullИлиПусто"
"830","19","1255867","АО ГАЗСТРОЙПРОМ","7842155505","28/0039/24","04.04.2024","673402",,"17.07.2024","31.07.2025","3528723,99","0",,,"133","830","26","04.04.2024","28/0039/24","673402","NullИлиПусто"
"831","19","1255867","АО ГАЗСТРОЙПРОМ","7842155505","28/0064/24","15.04.2024","673404",,"17.07.2024","31.07.2025","4868271,54","0",,,"133","831","26","15.04.2024","28/0064/24","673404","NullИлиПусто"
"832","19","1255867","АО ГАЗСТРОЙПРОМ","7842155505","28/0256/23","04.12.2023","678349",,"17.07.2024","31.12.2024","1797885,57","0",,,"133","832","26","04.12.2023","28/0256/23","678349","NullИлиПусто"
"833","19","1255867","АО ГАЗСТРОЙПРОМ","7842155505","28/0157/24","04.06.2024","678402",,"23.12.2024","31.12.2025","13236532,87","0",,,"133","833","26","04.06.2024","28/0157/24","678402","NullИлиПусто"
"834","19","1255867","АО ГАЗСТРОЙПРОМ","7842155505","27/0240/23","23.10.2023","678404",,"23.12.2024","31.12.2025","1200046","0",,,"133","834","26","23.10.2023","27/0240/23","678404","NullИлиПусто"
"835","19","1255867","АО ГАЗСТРОЙПРОМ","7842155505","28/0239/24","20.06.2024","678405",,"23.12.2024","31.12.2025","261696740,45","0",,,"133","835","26","20.06.2024","28/0239/24","678405","NullИлиПусто"
"836","19","1255867","АО ГАЗСТРОЙПРОМ","7842155505","31/0109/22","15.09.2022","678406",,"23.12.2024","31.12.2025","1142196194,42","0",,,"133","836","26","15.09.2022","31/0109/22","678406","NullИлиПусто"
"837","19","1255867","АО ГАЗСТРОЙПРОМ","7842155505","27/0309/22","10.11.2022","681106",,"16.04.2024","31.12.2024","16844244,97","0",,,"133","837","26","10.11.2022","27/0309/22","681106","NullИлиПусто"
"838","19","1255867","АО ГАЗСТРОЙПРОМ","7842155505","1838-19","10.02.2020","681107",,"16.04.2024","31.12.2024","3220050","0",,,"133","838","26","10.02.2020","1838-19","681107","NullИлиПусто"
"839","19","1255867","АО ГАЗСТРОЙПРОМ","7842155505","0654/19","28.06.2019","68555",,"25.07.2022","31.12.2024","904063567,97","0",,,"133","839","26","28.06.2019","0654/19","68555","NullИлиПусто"
"840","19","1255867","АО ГАЗСТРОЙПРОМ","7842155505","25/1594/20","17.03.2021","68839",,"06.06.2023","30.12.2025","11998910,36","0",,,"133","840","26","17.03.2021","25/1594/20","68839","NullИлиПусто"
"841","19","1255867","АО ГАЗСТРОЙПРОМ","7842155505","28/0064/24","15.04.2024","690151",,"18.07.2024","31.07.2025","224415,35","0",,,"133","841","26","15.04.2024","28/0064/24","690151","NullИлиПусто"
"842","19","1255867","АО ГАЗСТРОЙПРОМ","7842155505","27/0239/23","23.10.2023","690152",,"18.07.2024","31.12.2024","637897470,14","0",,,"133","842","26","23.10.2023","27/0239/23","690152","NullИлиПусто"
"843","19","1255867","АО ГАЗСТРОЙПРОМ","7842155505","25/1594/20","17.03.2021","69311",,"07.06.2023","30.12.2025","85041666,67","0",,,"133","843","26","17.03.2021","25/1594/20","69311","NullИлиПусто"
"844","19","1255867","АО ГАЗСТРОЙПРОМ","7842155505","0654/19","28.06.2019","69556",,"25.07.2022","31.12.2024","1972500000","0",,,"133","844","26","28.06.2019","0654/19","69556","NullИлиПусто"
"845","19","1255867","АО ГАЗСТРОЙПРОМ","7842155505","0654/19","28.06.2019","69557",,"25.07.2022","31.12.2024","5333333333,33","0",,,"133","845","26","28.06.2019","0654/19","69557","NullИлиПусто"
"846","19","1255867","АО ГАЗСТРОЙПРОМ","7842155505","0654/19","28.06.2019","69558",,"25.07.2022","31.12.2024","2489578652","0",,,"133","846","26","28.06.2019","0654/19","69558","NullИлиПусто"
"847","19","1255867","АО ГАЗСТРОЙПРОМ","7842155505","27/0309/22","10.11.2022","695986",,"17.04.2024","31.12.2024","2207865,1","0",,,"133","847","26","10.11.2022","27/0309/22","695986","NullИлиПусто"
"848","19","1255867","АО ГАЗСТРОЙПРОМ","7842155505","1838-19","10.02.2020","69692",,"08.11.2023","31.12.2024","69706359,18","0",,,"133","848","26","10.02.2020","1838-19","69692","NullИлиПусто"
"849","19","1255867","АО ГАЗСТРОЙПРОМ","7842155505","28/0157/24","04.06.2024","701833",,"24.12.2024","31.12.2025","24969405,97","0",,,"133","849","26","04.06.2024","28/0157/24","701833","NullИлиПусто"
"850","19","1255867","АО ГАЗСТРОЙПРОМ","7842155505","28/0247/23","20.10.2023","701834",,"24.12.2024","31.12.2025","573455398,52","0",,,"133","850","26","20.10.2023","28/0247/23","701834","NullИлиПусто"
"851","19","1255867","АО ГАЗСТРОЙПРОМ","7842155505","27/0240/23","23.10.2023","701835",,"24.12.2024","31.12.2025","14110127,36","0",,,"133","851","26","23.10.2023","27/0240/23","701835","NullИлиПусто"
"852","19","1255867","АО ГАЗСТРОЙПРОМ","7842155505","28/0239/24","20.06.2024","701836",,"24.12.2024","31.12.2025","16917630,34","0",,,"133","852","26","20.06.2024","28/0239/24","701836","NullИлиПусто"
"853","19","1255867","АО ГАЗСТРОЙПРОМ","7842155505","2584/21","16.07.2021","70453",,"27.07.2022","31.12.2025","61300353,86","0",,,"133","853","26","16.07.2021","2584/21","70453","NullИлиПусто"
"854","19","1255867","АО ГАЗСТРОЙПРОМ","7842155505","2584/21","16.07.2021","70454",,"27.07.2022","31.12.2025","677971,06","0",,,"133","854","26","16.07.2021","2584/21","70454","NullИлиПусто"
"855","19","1255867","АО ГАЗСТРОЙПРОМ","7842155505","25/201/0180/24","17.04.2024","711704",,"09.10.2024","31.12.2024","83333333,33","0",,,"133","855","26","17.04.2024","25/201/0180/24","711704","NullИлиПусто"
"856","19","1255867","АО ГАЗСТРОЙПРОМ","7842155505","28/0247/23","20.10.2023","711705",,"09.10.2024","31.12.2025","176079652,79","0",,,"133","856","26","20.10.2023","28/0247/23","711705","NullИлиПусто"
"857","19","1255867","АО ГАЗСТРОЙПРОМ","7842155505","28/0044/24","04.04.2024","718390",,"22.07.2024","31.12.2024","4225076,06","0",,,"133","857","26","04.04.2024","28/0044/24","718390","NullИлиПусто"
"858","19","1255867","АО ГАЗСТРОЙПРОМ","7842155505","28/0039/24","04.04.2024","718391",,"22.07.2024","31.07.2025","81111193,41","0",,,"133","858","26","04.04.2024","28/0039/24","718391","NullИлиПусто"
"859","19","1255867","АО ГАЗСТРОЙПРОМ","7842155505","28/0064/24","15.04.2024","718393",,"22.07.2024","31.07.2025","10323,11","0",,,"133","859","26","15.04.2024","28/0064/24","718393","NullИлиПусто"
"860","19","1255867","АО ГАЗСТРОЙПРОМ","7842155505","27/0239/23","23.10.2023","718394",,"22.07.2024","31.12.2024","225516837,27","0",,,"133","860","26","23.10.2023","27/0239/23","718394","NullИлиПусто"
"861","19","1255867","АО ГАЗСТРОЙПРОМ","7842155505","33/0054/23","21.06.2024","720669",,"25.12.2024","31.12.2025","25348423,03","0",,,"133","861","26","21.06.2024","33/0054/23","720669","NullИлиПусто"
"862","19","1255867","АО ГАЗСТРОЙПРОМ","7842155505","33/0054/23","21.06.2024","720670",,"25.12.2024","31.12.2025","24685000","0",,,"133","862","26","21.06.2024","33/0054/23","720670","NullИлиПусто"
"863","19","1255867","АО ГАЗСТРОЙПРОМ","7842155505","28/0157/24","04.06.2024","720671",,"25.12.2024","31.12.2025","814000","0",,,"133","863","26","04.06.2024","28/0157/24","720671","NullИлиПусто"
"864","19","1255867","АО ГАЗСТРОЙПРОМ","7842155505","03-652/07-18-534-АУ/","07.05.2019","720675",,"25.12.2024","31.12.2025","1290493457,4","0",,,"133","864","26","07.05.2019","03-652/07-18-534-АУ/","720675","NullИлиПусто"
"865","19","1255867","АО ГАЗСТРОЙПРОМ","7842155505","28/0247/23","20.10.2023","720676",,"25.12.2024","31.12.2025","2209861389,29","0",,,"133","865","26","20.10.2023","28/0247/23","720676","NullИлиПусто"
"866","19","1255867","АО ГАЗСТРОЙПРОМ","7842155505","28/0239/24","20.06.2024","720677",,"25.12.2024","31.12.2025","95000000","0",,,"133","866","26","20.06.2024","28/0239/24","720677","NullИлиПусто"
"867","19","1255867","АО ГАЗСТРОЙПРОМ","7842155505","33/0054/23","21.06.2024","720678",,"25.12.2024","31.12.2025","29410379,78","0",,,"133","867","26","21.06.2024","33/0054/23","720678","NullИлиПусто"
"868","19","1255867","АО ГАЗСТРОЙПРОМ","7842155505","27/0239/23","23.10.2023","720679",,"25.12.2024","31.12.2025","1563206534,89","0",,,"133","868","26","23.10.2023","27/0239/23","720679","NullИлиПусто"
"869","19","1255867","АО ГАЗСТРОЙПРОМ","7842155505","1557/19","01.08.2019","72514",,"03.08.2022","31.01.2025","163979757,55","0",,,"133","869","26","01.08.2019","1557/19","72514","NullИлиПусто"
"870","19","1255867","АО ГАЗСТРОЙПРОМ","7842155505","03-652/07-18-534-АУ/","07.05.2019","725806",,"04.10.2023","31.12.2024","21622387,64","0",,,"133","870","26","07.05.2019","03-652/07-18-534-АУ/","725806","NullИлиПусто"
"871","19","1255867","АО ГАЗСТРОЙПРОМ","7842155505","25/201/0180/24","17.04.2024","730849",,"10.10.2024","31.12.2024","5995873,07","0",,,"133","871","26","17.04.2024","25/201/0180/24","730849","NullИлиПусто"
"872","19","1255867","АО ГАЗСТРОЙПРОМ","7842155505","28/0247/23","20.10.2023","730850",,"10.10.2024","31.12.2025","325414500,16","0",,,"133","872","26","20.10.2023","28/0247/23","730850","NullИлиПусто"
"873","19","1255867","АО ГАЗСТРОЙПРОМ","7842155505","03-652/07-18-534-АУ/","07.05.2019","737642",,"05.10.2023","31.12.2024","174965000","0",,,"133","873","26","07.05.2019","03-652/07-18-534-АУ/","737642","NullИлиПусто"
"874","19","1255867","АО ГАЗСТРОЙПРОМ","7842155505","28/0247/23","20.10.2023","740828",,"26.12.2024","31.12.2025","298159453,86","0",,,"133","874","26","20.10.2023","28/0247/23","740828","NullИлиПусто"
"875","19","1255867","АО ГАЗСТРОЙПРОМ","7842155505","33/0054/23","21.06.2024","740831",,"26.12.2024","31.12.2025","2256040","0",,,"133","875","26","21.06.2024","33/0054/23","740831","NullИлиПусто"
"876","19","1255867","АО ГАЗСТРОЙПРОМ","7842155505","27/0239/23","23.10.2023","740834",,"26.12.2024","31.12.2025","429567851,8","0",,,"133","876","26","23.10.2023","27/0239/23","740834","NullИлиПусто"
"877","19","1255867","АО ГАЗСТРОЙПРОМ","7842155505","28/0256/23","04.12.2023","741454",,"23.07.2024","31.12.2024","20512794,31","0",,,"133","877","26","04.12.2023","28/0256/23","741454","NullИлиПусто"
"878","19","1255867","АО ГАЗСТРОЙПРОМ","7842155505","28/0044/24","04.04.2024","741455",,"23.07.2024","31.12.2024","20010651,55","0",,,"133","878","26","04.04.2024","28/0044/24","741455","NullИлиПусто"
"879","19","1255867","АО ГАЗСТРОЙПРОМ","7842155505","28/0039/24","04.04.2024","741456",,"23.07.2024","31.07.2025","46503034,6","0",,,"133","879","26","04.04.2024","28/0039/24","741456","NullИлиПусто"
"880","19","1255867","АО ГАЗСТРОЙПРОМ","7842155505","28/0046/24","04.04.2024","741457",,"23.07.2024","31.12.2024","11723150,82","0",,,"133","880","26","04.04.2024","28/0046/24","741457","NullИлиПусто"
"881","19","1255867","АО ГАЗСТРОЙПРОМ","7842155505","27/0239/23","23.10.2023","741458",,"23.07.2024","31.12.2024","70630082,03","0",,,"133","881","26","23.10.2023","27/0239/23","741458","NullИлиПусто"
"882","19","1255867","АО ГАЗСТРОЙПРОМ","7842155505","28/0247/23","20.10.2023","742470",,"11.10.2024","31.12.2025","37772477,4","0",,,"133","882","26","20.10.2023","28/0247/23","742470","NullИлиПусто"
"883","19","1255867","АО ГАЗСТРОЙПРОМ","7842155505","1-306-12","03.09.2012","74768",,"26.07.2023","30.10.2024","158469522,91","158469522,91",,,"133","883","26","03.09.2012","1-306-12","74768","NullИлиПусто"
"884","19","1255867","АО ГАЗСТРОЙПРОМ","7842155505","27/0309/22","10.11.2022","756037",,"23.04.2024","31.12.2024","99443625,27","0",,,"133","884","26","10.11.2022","27/0309/22","756037","NullИлиПусто"
"885","19","1255867","АО ГАЗСТРОЙПРОМ","7842155505","0654/19","28.06.2019","75810",,"14.10.2021","31.12.2024","585895538,33","0",,,"133","885","26","28.06.2019","0654/19","75810","NullИлиПусто"
"886","19","1255867","АО ГАЗСТРОЙПРОМ","7842155505","28/0044/24","04.04.2024","758432",,"24.07.2024","31.12.2024","8333333,33","0",,,"133","886","26","04.04.2024","28/0044/24","758432","NullИлиПусто"
"887","19","1255867","АО ГАЗСТРОЙПРОМ","7842155505","28/0039/24","04.04.2024","758433",,"24.07.2024","31.07.2025","41554,17","0",,,"133","887","26","04.04.2024","28/0039/24","758433","NullИлиПусто"
"888","19","1255867","АО ГАЗСТРОЙПРОМ","7842155505","28/0046/24","04.04.2024","758434",,"24.07.2024","31.12.2024","16835097,54","0",,,"133","888","26","04.04.2024","28/0046/24","758434","NullИлиПусто"
"889","19","1255867","АО ГАЗСТРОЙПРОМ","7842155505","30/0036/22","15.04.2022","758436",,"24.07.2024","31.12.2024","5605424,06","0",,,"133","889","26","15.04.2022","30/0036/22","758436","NullИлиПусто"
"890","19","1255867","АО ГАЗСТРОЙПРОМ","7842155505","30/0036/22","15.04.2022","758437",,"24.07.2024","31.12.2024","11850000","0",,,"133","890","26","15.04.2022","30/0036/22","758437","NullИлиПусто"
"891","19","1255867","АО ГАЗСТРОЙПРОМ","7842155505","30/0036/22","15.04.2022","758439",,"24.07.2024","31.12.2024","70491666,66","0",,,"133","891","26","15.04.2022","30/0036/22","758439","NullИлиПусто"
"892","19","1255867","АО ГАЗСТРОЙПРОМ","7842155505","28/0157/24","04.06.2024","761232",,"27.12.2024","31.12.2025","29514727,38","0",,,"133","892","26","04.06.2024","28/0157/24","761232","NullИлиПусто"
"893","19","1255867","АО ГАЗСТРОЙПРОМ","7842155505","27/0240/23","23.10.2023","761234",,"27.12.2024","31.12.2025","63653243,33","0",,,"133","893","26","23.10.2023","27/0240/23","761234","NullИлиПусто"
"894","19","1255867","АО ГАЗСТРОЙПРОМ","7842155505","28/0239/24","20.06.2024","761235",,"27.12.2024","31.12.2025","42900610,83","0",,,"133","894","26","20.06.2024","28/0239/24","761235","NullИлиПусто"
"895","19","1255867","АО ГАЗСТРОЙПРОМ","7842155505","33/0054/23","21.06.2024","761236",,"27.12.2024","31.12.2025","12706796,66","0",,,"133","895","26","21.06.2024","33/0054/23","761236","NullИлиПусто"
"896","19","1255867","АО ГАЗСТРОЙПРОМ","7842155505","27/0239/23","23.10.2023","761238",,"27.12.2024","31.12.2025","255413342,47","0",,,"133","896","26","23.10.2023","27/0239/23","761238","NullИлиПусто"
"897","19","1255867","АО ГАЗСТРОЙПРОМ","7842155505","25/201/0180/24","17.04.2024","765857",,"14.10.2024","31.12.2024","250000000","0",,,"133","897","26","17.04.2024","25/201/0180/24","765857","NullИлиПусто"
"898","19","1255867","АО ГАЗСТРОЙПРОМ","7842155505","28/0247/23","20.10.2023","765858",,"14.10.2024","31.12.2025","59620409,05","0",,,"133","898","26","20.10.2023","28/0247/23","765858","NullИлиПусто"
"899","19","1255867","АО ГАЗСТРОЙПРОМ","7842155505","25/201/1062/24","19.06.2024","76890",,"19.08.2024","30.06.2025","88566666,67","0",,,"133","899","26","19.06.2024","25/201/1062/24","76890","NullИлиПусто"
"900","19","1255867","АО ГАЗСТРОЙПРОМ","7842155505","2269/19","01.10.2019","76908",,"03.07.2023","31.12.2024","468763278,13","0",,,"133","900","26","01.10.2019","2269/19","76908","NullИлиПусто"
"901","19","1255867","АО ГАЗСТРОЙПРОМ","7842155505","2590/21","16.07.2021","77088",,"16.08.2022","31.12.2024","154500000","0",,,"133","901","26","16.07.2021","2590/21","77088","NullИлиПусто"
"902","19","1255867","АО ГАЗСТРОЙПРОМ","7842155505","27/0309/22","10.11.2022","771090",,"24.04.2024","31.12.2024","4955864,92","0",,,"133","902","26","10.11.2022","27/0309/22","771090","NullИлиПусто"
"903","19","1255867","АО ГАЗСТРОЙПРОМ","7842155505","27/0073/22","09.06.2022","77208",,"19.08.2022","31.12.2024","24461306,5","0",,,"133","903","26","09.06.2022","27/0073/22","77208","NullИлиПусто"
"904","19","1255867","АО ГАЗСТРОЙПРОМ","7842155505","28/0396/23","04.12.2023","773862",,"25.07.2024","31.07.2025","208590507,25","0",,,"133","904","26","04.12.2023","28/0396/23","773862","NullИлиПусто"
"905","19","1255867","АО ГАЗСТРОЙПРОМ","7842155505","30/0036/22","15.04.2022","773867",,"25.07.2024","31.12.2024","70095739,32","0",,,"133","905","26","15.04.2022","30/0036/22","773867","NullИлиПусто"
"906","19","1255867","АО ГАЗСТРОЙПРОМ","7842155505","27/0018/22","30.03.2022","782606",,"15.10.2024","31.12.2024","52537339,89","0",,,"133","906","26","30.03.2022","27/0018/22","782606","NullИлиПусто"
"907","19","1255867","АО ГАЗСТРОЙПРОМ","7842155505","28/0247/23","20.10.2023","782607",,"15.10.2024","31.12.2025","383826874,6","0",,,"133","907","26","20.10.2023","28/0247/23","782607","NullИлиПусто"
"908","19","1255867","АО ГАЗСТРОЙПРОМ","7842155505","28/0239/24","20.06.2024","782608",,"15.10.2024","31.12.2025","64894729,91","0",,,"133","908","26","20.06.2024","28/0239/24","782608","NullИлиПусто"
"909","19","1255867","АО ГАЗСТРОЙПРОМ","7842155505","28/0157/24","04.06.2024","782883",,"28.12.2024","31.12.2025","18682235,52","0",,,"133","909","26","04.06.2024","28/0157/24","782883","NullИлиПусто"
"910","19","1255867","АО ГАЗСТРОЙПРОМ","7842155505","27/0240/23","23.10.2023","782885",,"28.12.2024","31.12.2025","26175755,61","0",,,"133","910","26","23.10.2023","27/0240/23","782885","NullИлиПусто"
"911","19","1255867","АО ГАЗСТРОЙПРОМ","7842155505","28/0239/24","20.06.2024","782886",,"28.12.2024","31.12.2025","2671918","0",,,"133","911","26","20.06.2024","28/0239/24","782886","NullИлиПусто"
"912","19","1255867","АО ГАЗСТРОЙПРОМ","7842155505","27/0239/23","23.10.2023","782888",,"28.12.2024","31.12.2025","36062270,83","0",,,"133","912","26","23.10.2023","27/0239/23","782888","NullИлиПусто"
"913","19","1255867","АО ГАЗСТРОЙПРОМ","7842155505","27/0309/22","10.11.2022","784891",,"25.04.2024","31.12.2024","1128838,55","0",,,"133","913","26","10.11.2022","27/0309/22","784891","NullИлиПусто"
"914","19","1255867","АО ГАЗСТРОЙПРОМ","7842155505","28/0039/24","04.04.2024","788986",,"26.07.2024","31.07.2025","2003899,04","0",,,"133","914","26","04.04.2024","28/0039/24","788986","NullИлиПусто"
"915","19","1255867","АО ГАЗСТРОЙПРОМ","7842155505","27/0239/23","23.10.2023","788987",,"26.07.2024","31.12.2024","21821543,61","0",,,"133","915","26","23.10.2023","27/0239/23","788987","NullИлиПусто"
"916","19","1255867","АО ГАЗСТРОЙПРОМ","7842155505","25/201/0973/22","15.06.2022","79231",,"24.08.2022","31.12.2024","48926151,25","0",,,"133","916","26","15.06.2022","25/201/0973/22","79231","NullИлиПусто"
"917","19","1255867","АО ГАЗСТРОЙПРОМ","7842155505","1-306-12","03.09.2012","7947",,"21.01.2022","30.10.2024","70525000,01","70525000,01",,,"133","917","26","03.09.2012","1-306-12","7947","NullИлиПусто"
"918","19","1255867","АО ГАЗСТРОЙПРОМ","7842155505","27/0018/22","30.03.2022","798465",,"16.10.2024","31.12.2024","18390723,57","0",,,"133","918","26","30.03.2022","27/0018/22","798465","NullИлиПусто"
"919","19","1255867","АО ГАЗСТРОЙПРОМ","7842155505","28/0247/23","20.10.2023","798466",,"16.10.2024","31.07.2027","78185734,31","0",,,"133","919","26","20.10.2023","28/0247/23","798466","NullИлиПусто"
"920","19","1255867","АО ГАЗСТРОЙПРОМ","7842155505","28/0039/24","04.04.2024","798467",,"16.10.2024","31.05.2025","38389010,68","0",,,"133","920","26","04.04.2024","28/0039/24","798467","NullИлиПусто"
"921","19","1255867","АО ГАЗСТРОЙПРОМ","7842155505","28/0239/24","20.06.2024","798468",,"16.10.2024","30.07.2026","3821828,65","0",,,"133","921","26","20.06.2024","28/0239/24","798468","NullИлиПусто"
"922","19","1255867","АО ГАЗСТРОЙПРОМ","7842155505","27/0309/22","10.11.2022","798511",,"26.04.2024","31.12.2024","29442225,5","0",,,"133","922","26","10.11.2022","27/0309/22","798511","NullИлиПусто"
"923","19","1255867","АО ГАЗСТРОЙПРОМ","7842155505","2581/21","16.07.2021","80005",,"26.08.2022","31.12.2024","748296013,8","0",,,"133","923","26","16.07.2021","2581/21","80005","NullИлиПусто"
"924","19","1255867","АО ГАЗСТРОЙПРОМ","7842155505","28/0247/23","20.10.2023","801008",,"16.10.2024","31.07.2027","39502019,58","0",,,"133","924","26","20.10.2023","28/0247/23","801008","NullИлиПусто"
"925","19","1255867","АО ГАЗСТРОЙПРОМ","7842155505","0654/19","28.06.2019","80853",,"08.11.2021","31.12.2024","14000000","0",,,"133","925","26","28.06.2019","0654/19","80853","NullИлиПусто"
"926","19","1255867","АО ГАЗСТРОЙПРОМ","7842155505","27/0309/22","10.11.2022","813195",,"27.04.2024","31.12.2024","112316454,79","0",,,"133","926","26","10.11.2022","27/0309/22","813195","NullИлиПусто"
"927","19","1255867","АО ГАЗСТРОЙПРОМ","7842155505","1838-19","10.02.2020","813821",,"17.10.2024","31.12.2024","349040000,75","0",,,"133","927","26","10.02.2020","1838-19","813821","NullИлиПусто"
"928","19","1255867","АО ГАЗСТРОЙПРОМ","7842155505","28/0247/23","20.10.2023","813822",,"17.10.2024","31.07.2027","30523707,06","0",,,"133","928","26","20.10.2023","28/0247/23","813822","NullИлиПусто"
"929","19","1255867","АО ГАЗСТРОЙПРОМ","7842155505","34/0160/23","25.06.2024","813823",,"17.10.2024","30.09.2025","24449247,53","0",,,"133","929","26","25.06.2024","34/0160/23","813823","NullИлиПусто"
"930","19","1255867","АО ГАЗСТРОЙПРОМ","7842155505","28/0039/24","04.04.2024","813824",,"17.10.2024","30.07.2026","608384,15","0",,,"133","930","26","04.04.2024","28/0039/24","813824","NullИлиПусто"
"931","19","1255867","АО ГАЗСТРОЙПРОМ","7842155505","34/0018/22","26.05.2022","813825",,"17.10.2024","31.12.2025","13447854,56","0",,,"133","931","26","26.05.2022","34/0018/22","813825","NullИлиПусто"
"932","19","1255867","АО ГАЗСТРОЙПРОМ","7842155505","27/0309/22","10.11.2022","814521",,"27.04.2024","31.12.2024","468650110,72","0",,,"133","932","26","10.11.2022","27/0309/22","814521","NullИлиПусто"
"933","19","1255867","АО ГАЗСТРОЙПРОМ","7842155505","28/0394/23","04.12.2023","814814",,"29.07.2024","31.07.2025","43335391,63","0",,,"133","933","26","04.12.2023","28/0394/23","814814","NullИлиПусто"
"934","19","1255867","АО ГАЗСТРОЙПРОМ","7842155505","28/0039/24","04.04.2024","814819",,"29.07.2024","31.07.2025","24837564,59","0",,,"133","934","26","04.04.2024","28/0039/24","814819","NullИлиПусто"
"935","19","1255867","АО ГАЗСТРОЙПРОМ","7842155505","28/0256/23","04.12.2023","826645",,"30.07.2024","31.12.2024","943588,54","0",,,"133","935","26","04.12.2023","28/0256/23","826645","NullИлиПусто"
"936","19","1255867","АО ГАЗСТРОЙПРОМ","7842155505","28/0396/23","04.12.2023","826646",,"30.07.2024","31.07.2025","12581235,62","0",,,"133","936","26","04.12.2023","28/0396/23","826646","NullИлиПусто"
"937","19","1255867","АО ГАЗСТРОЙПРОМ","7842155505","28/0394/23","04.12.2023","826647",,"30.07.2024","31.07.2025","36225768,77","0",,,"133","937","26","04.12.2023","28/0394/23","826647","NullИлиПусто"
"938","19","1255867","АО ГАЗСТРОЙПРОМ","7842155505","28/0044/24","04.04.2024","826651",,"30.07.2024","31.12.2024","44522188,75","0",,,"133","938","26","04.04.2024","28/0044/24","826651","NullИлиПусто"
"939","19","1255867","АО ГАЗСТРОЙПРОМ","7842155505","28/0046/24","04.04.2024","826652",,"30.07.2024","31.12.2024","1750457,17","0",,,"133","939","26","04.04.2024","28/0046/24","826652","NullИлиПусто"
"940","19","1255867","АО ГАЗСТРОЙПРОМ","7842155505","27/0239/23","23.10.2023","826653",,"30.07.2024","31.12.2024","281815971,2","0",,,"133","940","26","23.10.2023","27/0239/23","826653","NullИлиПусто"
"941","19","1255867","АО ГАЗСТРОЙПРОМ","7842155505","25/201/0180/24","17.04.2024","826654",,"30.07.2024","31.12.2024","66951052,37","0",,,"133","941","26","17.04.2024","25/201/0180/24","826654","NullИлиПусто"
"942","19","1255867","АО ГАЗСТРОЙПРОМ","7842155505","2584/21","16.07.2021","82758",,"31.08.2022","31.12.2025","46466271,73","0",,,"133","942","26","16.07.2021","2584/21","82758","NullИлиПусто"
"943","19","1255867","АО ГАЗСТРОЙПРОМ","7842155505","1838-19","10.02.2020","829390",,"18.10.2024","31.12.2024","66666666,67","0",,,"133","943","26","10.02.2020","1838-19","829390","NullИлиПусто"
"944","19","1255867","АО ГАЗСТРОЙПРОМ","7842155505","28/0247/23","20.10.2023","829391",,"18.10.2024","31.07.2027","442039540,67","0",,,"133","944","26","20.10.2023","28/0247/23","829391","NullИлиПусто"
"945","19","1255867","АО ГАЗСТРОЙПРОМ","7842155505","28/0039/24","04.04.2024","829392",,"18.10.2024","31.05.2025","3747940,53","0",,,"133","945","26","04.04.2024","28/0039/24","829392","NullИлиПусто"
"946","19","1255867","АО ГАЗСТРОЙПРОМ","7842155505","28/0239/24","20.06.2024","829393",,"18.10.2024","30.07.2026","138310,09","0",,,"133","946","26","20.06.2024","28/0239/24","829393","NullИлиПусто"
"947","19","1255867","АО ГАЗСТРОЙПРОМ","7842155505","1210","03.09.2020","829394",,"18.10.2024","31.12.2025","41643423,97","0",,,"133","947","26","03.09.2020","1210","829394","NullИлиПусто"
"948","19","1255867","АО ГАЗСТРОЙПРОМ","7842155505","1838-19","10.02.2020","83139",,"09.11.2023","31.12.2024","62447183,33","0",,,"133","948","26","10.02.2020","1838-19","83139","NullИлиПусто"
"949","19","1255867","АО ГАЗСТРОЙПРОМ","7842155505","28/0394/23","04.12.2023","843512",,"31.07.2024","31.07.2025","11822986,74","0",,,"133","949","26","04.12.2023","28/0394/23","843512","NullИлиПусто"
"950","19","1255867","АО ГАЗСТРОЙПРОМ","7842155505","28/0044/24","04.04.2024","843517",,"31.07.2024","31.12.2024","5562065,77","0",,,"133","950","26","04.04.2024","28/0044/24","843517","NullИлиПусто"
"951","19","1255867","АО ГАЗСТРОЙПРОМ","7842155505","28/0039/24","04.04.2024","843518",,"31.07.2024","31.07.2025","12185743,82","0",,,"133","951","26","04.04.2024","28/0039/24","843518","NullИлиПусто"
"952","19","1255867","АО ГАЗСТРОЙПРОМ","7842155505","27/0238/23","23.10.2023","843521",,"31.07.2024","31.12.2024","75266054,38","0",,,"133","952","26","23.10.2023","27/0238/23","843521","NullИлиПусто"
"953","19","1255867","АО ГАЗСТРОЙПРОМ","7842155505","27/0239/23","23.10.2023","843522",,"31.07.2024","31.12.2024","50680327,68","0",,,"133","953","26","23.10.2023","27/0239/23","843522","NullИлиПусто"
"954","19","1255867","АО ГАЗСТРОЙПРОМ","7842155505","28/0247/23","20.10.2023","843529",,"31.07.2024","31.07.2025","2916596530,2","0",,,"133","954","26","20.10.2023","28/0247/23","843529","NullИлиПусто"
"955","19","1255867","АО ГАЗСТРОЙПРОМ","7842155505","25/201/0180/24","17.04.2024","843530",,"31.07.2024","31.12.2024","3511960,58","0",,,"133","955","26","17.04.2024","25/201/0180/24","843530","NullИлиПусто"
"956","19","1255867","АО ГАЗСТРОЙПРОМ","7842155505","31/0109/22","15.09.2022","843540",,"31.07.2024","31.12.2024","688331406,01","0",,,"133","956","26","15.09.2022","31/0109/22","843540","NullИлиПусто"
"957","19","1255867","АО ГАЗСТРОЙПРОМ","7842155505","31/0109/22","15.09.2022","843541",,"31.07.2024","31.12.2025","2814328900,71","0",,,"133","957","26","15.09.2022","31/0109/22","843541","NullИлиПусто"
"958","19","1255867","АО ГАЗСТРОЙПРОМ","7842155505","28/0039/24","04.04.2024","843551",,"31.07.2024","31.07.2025","32453956,05","0",,,"133","958","26","04.04.2024","28/0039/24","843551","NullИлиПусто"
"959","19","1255867","АО ГАЗСТРОЙПРОМ","7842155505","27/0238/23","23.10.2023","849553",,"31.07.2024","31.12.2024","3481043,12","0",,,"133","959","26","23.10.2023","27/0238/23","849553","NullИлиПусто"
"960","19","1255867","АО ГАЗСТРОЙПРОМ","7842155505","28/0157/24","04.06.2024","849554",,"31.07.2024","31.07.2025","12500000","0",,,"133","960","26","04.06.2024","28/0157/24","849554","NullИлиПусто"
"961","19","1255867","АО ГАЗСТРОЙПРОМ","7842155505","28/0157/24","04.06.2024","849555",,"31.07.2024","31.07.2025","51533333,33","0",,,"133","961","26","04.06.2024","28/0157/24","849555","NullИлиПусто"
"962","19","1255867","АО ГАЗСТРОЙПРОМ","7842155505","31/0109/22","15.09.2022","849557",,"31.07.2024","31.12.2025","529318,75","0",,,"133","962","26","15.09.2022","31/0109/22","849557","NullИлиПусто"
"963","19","1255867","АО ГАЗСТРОЙПРОМ","7842155505","28/0247/23","20.10.2023","850209",,"21.10.2024","31.07.2027","529972528,64","0",,,"133","963","26","20.10.2023","28/0247/23","850209","NullИлиПусто"
"964","19","1255867","АО ГАЗСТРОЙПРОМ","7842155505","28/0039/24","04.04.2024","850210",,"21.10.2024","31.05.2025","89115721,06","0",,,"133","964","26","04.04.2024","28/0039/24","850210","NullИлиПусто"
"965","19","1255867","АО ГАЗСТРОЙПРОМ","7842155505","2584/21","16.07.2021","859763",,"01.08.2024","31.12.2025","72725000","0",,,"133","965","26","16.07.2021","2584/21","859763","NullИлиПусто"
"966","19","1255867","АО ГАЗСТРОЙПРОМ","7842155505","34/0255/23","19.07.2024","859764",,"01.08.2024","31.12.2025","12430168,94","0",,,"133","966","26","19.07.2024","34/0255/23","859764","NullИлиПусто"
"967","19","1255867","АО ГАЗСТРОЙПРОМ","7842155505","2584/21","16.07.2021","859765",,"01.08.2024","31.12.2024","25158022,9","0",,,"133","967","26","16.07.2021","2584/21","859765","NullИлиПусто"
"968","19","1255867","АО ГАЗСТРОЙПРОМ","7842155505","1557/19","01.08.2019","86299",,"12.09.2022","31.01.2025","367483333,33","0",,,"133","968","26","01.08.2019","1557/19","86299","NullИлиПусто"
"969","19","1255867","АО ГАЗСТРОЙПРОМ","7842155505","1838-19","10.02.2020","868893",,"22.10.2024","31.12.2024","959999,25","0",,,"133","969","26","10.02.2020","1838-19","868893","NullИлиПусто"
"970","19","1255867","АО ГАЗСТРОЙПРОМ","7842155505","28/0247/23","20.10.2023","868894",,"22.10.2024","31.07.2027","746263474,02","0",,,"133","970","26","20.10.2023","28/0247/23","868894","NullИлиПусто"
"971","19","1255867","АО ГАЗСТРОЙПРОМ","7842155505","28/0039/24","04.04.2024","868895",,"22.10.2024","31.05.2025","4099323,17","0",,,"133","971","26","04.04.2024","28/0039/24","868895","NullИлиПусто"
"972","19","1255867","АО ГАЗСТРОЙПРОМ","7842155505","25/1594/20","17.03.2021","86984",,"21.07.2023","30.12.2025","95533333,33","0",,,"133","972","26","17.03.2021","25/1594/20","86984","NullИлиПусто"
"973","19","1255867","АО ГАЗСТРОЙПРОМ","7842155505","2269/19","01.10.2019","87071",,"21.07.2023","31.12.2024","1066622564,11","0",,,"133","973","26","01.10.2019","2269/19","87071","NullИлиПусто"
"974","19","1255867","АО ГАЗСТРОЙПРОМ","7842155505","25/1594/20","17.03.2021","87595",,"21.07.2023","30.12.2025","41741666,67","0",,,"133","974","26","17.03.2021","25/1594/20","87595","NullИлиПусто"
"975","19","1255867","АО ГАЗСТРОЙПРОМ","7842155505","2269/19","01.10.2019","87699",,"24.07.2023","31.12.2024","524691799,72","0",,,"133","975","26","01.10.2019","2269/19","87699","NullИлиПусто"
"976","19","1255867","АО ГАЗСТРОЙПРОМ","7842155505","28/0247/23","20.10.2023","882568",,"23.10.2024","31.07.2027","92969459,67","0",,,"133","976","26","20.10.2023","28/0247/23","882568","NullИлиПусто"
"977","19","1255867","АО ГАЗСТРОЙПРОМ","7842155505","28/0396/23","04.12.2023","882572",,"23.10.2024","30.06.2026","35639887,5","0",,,"133","977","26","04.12.2023","28/0396/23","882572","NullИлиПусто"
"978","19","1255867","АО ГАЗСТРОЙПРОМ","7842155505","28/0394/23","04.12.2023","882574",,"23.10.2024","30.06.2026","200975268,7","0",,,"133","978","26","04.12.2023","28/0394/23","882574","NullИлиПусто"
"979","19","1255867","АО ГАЗСТРОЙПРОМ","7842155505","28/0002/24","13.03.2024","882576",,"23.10.2024","30.07.2026","113151079,3","0",,,"133","979","26","13.03.2024","28/0002/24","882576","NullИлиПусто"
"980","19","1255867","АО ГАЗСТРОЙПРОМ","7842155505","28/0148/24","03.05.2024","882583",,"23.10.2024","31.08.2026","488478577,42","0",,,"133","980","26","03.05.2024","28/0148/24","882583","NullИлиПусто"
"981","19","1255867","АО ГАЗСТРОЙПРОМ","7842155505","28/0141/24","17.06.2024","882585",,"23.10.2024","30.06.2026","161500817,19","0",,,"133","981","26","17.06.2024","28/0141/24","882585","NullИлиПусто"
"982","19","1255867","АО ГАЗСТРОЙПРОМ","7842155505","28/0136/24","21.06.2024","882587",,"23.10.2024","30.07.2026","452742680,01","0",,,"133","982","26","21.06.2024","28/0136/24","882587","NullИлиПусто"
"983","19","1255867","АО ГАЗСТРОЙПРОМ","7842155505","34/0018/22","26.05.2022","88407",,"19.09.2022","31.12.2024","250000000","0",,,"133","983","26","26.05.2022","34/0018/22","88407","NullИлиПусто"
"984","19","1255867","АО ГАЗСТРОЙПРОМ","7842155505","2584/21","16.07.2021","894659",,"05.08.2024","31.12.2024","73425310,43","0",,,"133","984","26","16.07.2021","2584/21","894659","NullИлиПусто"
"985","19","1255867","АО ГАЗСТРОЙПРОМ","7842155505","2584/21","16.07.2021","894660",,"05.08.2024","31.12.2025","72351682,83","0",,,"133","985","26","16.07.2021","2584/21","894660","NullИлиПусто"
"986","19","1255867","АО ГАЗСТРОЙПРОМ","7842155505","28/0247/23","20.10.2023","898047",,"24.10.2024","31.07.2027","275435910,2","0",,,"133","986","26","20.10.2023","28/0247/23","898047","NullИлиПусто"
"987","19","1255867","АО ГАЗСТРОЙПРОМ","7842155505","34/0160/23","25.06.2024","898048",,"24.10.2024","30.09.2025","2673384,01","0",,,"133","987","26","25.06.2024","34/0160/23","898048","NullИлиПусто"
"988","19","1255867","АО ГАЗСТРОЙПРОМ","7842155505","28/0394/23","04.12.2023","898049",,"24.10.2024","30.06.2026","54179604,47","0",,,"133","988","26","04.12.2023","28/0394/23","898049","NullИлиПусто"
"989","19","1255867","АО ГАЗСТРОЙПРОМ","7842155505","28/0002/24","13.03.2024","898050",,"24.10.2024","30.07.2026","3029914,1","0",,,"133","989","26","13.03.2024","28/0002/24","898050","NullИлиПусто"
"990","19","1255867","АО ГАЗСТРОЙПРОМ","7842155505","28/0148/24","03.05.2024","898053",,"24.10.2024","31.08.2026","27074257,83","0",,,"133","990","26","03.05.2024","28/0148/24","898053","NullИлиПусто"
"991","19","1255867","АО ГАЗСТРОЙПРОМ","7842155505","28/0141/24","17.06.2024","898054",,"24.10.2024","30.06.2026","58212650,49","0",,,"133","991","26","17.06.2024","28/0141/24","898054","NullИлиПусто"
"992","19","1255867","АО ГАЗСТРОЙПРОМ","7842155505","28/0136/24","21.06.2024","898055",,"24.10.2024","30.07.2026","13820687,01","0",,,"133","992","26","21.06.2024","28/0136/24","898055","NullИлиПусто"
"993","19","1255867","АО ГАЗСТРОЙПРОМ","7842155505","28/0247/23","20.10.2023","914049",,"25.10.2024","31.07.2027","220180597,42","0",,,"133","993","26","20.10.2023","28/0247/23","914049","NullИлиПусто"
"994","19","1255867","АО ГАЗСТРОЙПРОМ","7842155505","28/0394/23","04.12.2023","914051",,"25.10.2024","30.06.2026","5041232,13","0",,,"133","994","26","04.12.2023","28/0394/23","914051","NullИлиПусто"
"995","19","1255867","АО ГАЗСТРОЙПРОМ","7842155505","28/0002/24","13.03.2024","914054",,"25.10.2024","30.07.2026","186362846,42","0",,,"133","995","26","13.03.2024","28/0002/24","914054","NullИлиПусто"
"996","19","1255867","АО ГАЗСТРОЙПРОМ","7842155505","28/0733/23","13.03.2024","914056",,"25.10.2024","31.08.2026","75029344,69","0",,,"133","996","26","13.03.2024","28/0733/23","914056","NullИлиПусто"
"997","19","1255867","АО ГАЗСТРОЙПРОМ","7842155505","28/0141/24","17.06.2024","914059",,"25.10.2024","30.06.2026","50022948,88","0",,,"133","997","26","17.06.2024","28/0141/24","914059","NullИлиПусто"
"998","19","1255867","АО ГАЗСТРОЙПРОМ","7842155505","31/0109/22","15.09.2022","914064",,"25.10.2024","31.12.2025","2344741236,22","0",,,"133","998","26","15.09.2022","31/0109/22","914064","NullИлиПусто"
"999","19","1255867","АО ГАЗСТРОЙПРОМ","7842155505","28/0092/24","11.04.2024","914065",,"25.10.2024","25.06.2025","1417666,22","0",,,"133","999","26","11.04.2024","28/0092/24","914065","NullИлиПусто"
"1000","19","1255867","АО ГАЗСТРОЙПРОМ","7842155505","28/0064/24","15.04.2024","914070",,"25.10.2024","30.10.2026","106020671,67","0",,,"133","1000","26","15.04.2024","28/0064/24","914070","NullИлиПусто"
"1001","19","1255867","АО ГАЗСТРОЙПРОМ","7842155505","28/0239/24","20.06.2024","914071",,"25.10.2024","30.07.2026","192791582,73","0",,,"133","1001","26","20.06.2024","28/0239/24","914071","NullИлиПусто"
"1002","19","1255867","АО ГАЗСТРОЙПРОМ","7842155505","28/0247/23","20.10.2023","916025",,"25.10.2024","31.07.2027","221394135,56","0",,,"133","1002","26","20.10.2023","28/0247/23","916025","NullИлиПусто"
"1003","19","1255867","АО ГАЗСТРОЙПРОМ","7842155505","31/0109/22","15.09.2022","916026",,"25.10.2024","31.12.2025","55885188,4","0",,,"133","1003","26","15.09.2022","31/0109/22","916026","NullИлиПусто"
"1004","19","1255867","АО ГАЗСТРОЙПРОМ","7842155505","2590/21","16.07.2021","91682",,"26.09.2022","31.12.2024","253000000","0",,,"133","1004","26","16.07.2021","2590/21","91682","NullИлиПусто"
"1005","19","1255867","АО ГАЗСТРОЙПРОМ","7842155505","27/0018/22","30.03.2022","934952",,"28.10.2024","31.12.2024","12492460","0",,,"133","1005","26","30.03.2022","27/0018/22","934952","NullИлиПусто"
"1006","19","1255867","АО ГАЗСТРОЙПРОМ","7842155505","28/0247/23","20.10.2023","934953",,"28.10.2024","31.07.2027","97676331,03","0",,,"133","1006","26","20.10.2023","28/0247/23","934953","NullИлиПусто"
"1007","19","1255867","АО ГАЗСТРОЙПРОМ","7842155505","34/0160/23","25.06.2024","934954",,"28.10.2024","30.09.2025","5616007,86","0",,,"133","1007","26","25.06.2024","34/0160/23","934954","NullИлиПусто"
"1008","19","1255867","АО ГАЗСТРОЙПРОМ","7842155505","34/0018/22","26.05.2022","934955",,"28.10.2024","31.12.2025","85835806,75","0",,,"133","1008","26","26.05.2022","34/0018/22","934955","NullИлиПусто"
"1009","19","1255867","АО ГАЗСТРОЙПРОМ","7842155505","28/0394/23","04.12.2023","934956",,"28.10.2024","30.06.2026","277107551,42","0",,,"133","1009","26","04.12.2023","28/0394/23","934956","NullИлиПусто"
"1010","19","1255867","АО ГАЗСТРОЙПРОМ","7842155505","28/0148/24","03.05.2024","934957",,"28.10.2024","31.08.2026","73017987,25","0",,,"133","1010","26","03.05.2024","28/0148/24","934957","NullИлиПусто"
"1011","19","1255867","АО ГАЗСТРОЙПРОМ","7842155505","27/0239/23","23.10.2023","934958",,"28.10.2024","31.12.2025","336227751,38","0",,,"133","1011","26","23.10.2023","27/0239/23","934958","NullИлиПусто"
"1012","19","1255867","АО ГАЗСТРОЙПРОМ","7842155505","31/0109/22","15.09.2022","934963",,"28.10.2024","31.12.2025","1394947806,1","0",,,"133","1012","26","15.09.2022","31/0109/22","934963","NullИлиПусто"
"1013","19","1255867","АО ГАЗСТРОЙПРОМ","7842155505","28/0224/23","15.01.2024","934964",,"28.10.2024","31.12.2024","3219537,88","0",,,"133","1013","26","15.01.2024","28/0224/23","934964","NullИлиПусто"
"1014","19","1255867","АО ГАЗСТРОЙПРОМ","7842155505","28/0301/23","18.01.2024","934965",,"28.10.2024","31.12.2024","3718993,72","0",,,"133","1014","26","18.01.2024","28/0301/23","934965","NullИлиПусто"
"1015","19","1255867","АО ГАЗСТРОЙПРОМ","7842155505","28/0092/24","11.04.2024","934966",,"28.10.2024","25.06.2025","8110794,04","0",,,"133","1015","26","11.04.2024","28/0092/24","934966","NullИлиПусто"
"1016","19","1255867","АО ГАЗСТРОЙПРОМ","7842155505","28/0157/24","04.06.2024","934968",,"28.10.2024","30.10.2026","85183867,59","0",,,"133","1016","26","04.06.2024","28/0157/24","934968","NullИлиПусто"
"1017","19","1255867","АО ГАЗСТРОЙПРОМ","7842155505","28/0239/24","20.06.2024","934969",,"28.10.2024","31.05.2025","14111659,57","0",,,"133","1017","26","20.06.2024","28/0239/24","934969","NullИлиПусто"
"1018","19","1255867","АО ГАЗСТРОЙПРОМ","7842155505","30/0295/21","20.04.2022","93956",,"29.09.2022","31.12.2023","80298961,94","80298961,94",,,"133","1018","26","20.04.2022","30/0295/21","93956","NullИлиПусто"
"1019","19","1255867","АО ГАЗСТРОЙПРОМ","7842155505","2581/21","16.07.2021","93975",,"30.09.2022","31.12.2024","562500000","0",,,"133","1019","26","16.07.2021","2581/21","93975","NullИлиПусто"
"1020","19","1255867","АО ГАЗСТРОЙПРОМ","7842155505","1684/19","13.09.2019","94060",,"10.08.2023","31.12.2024","330705572,09","0",,,"133","1020","26","13.09.2019","1684/19","94060","NullИлиПусто"
"1021","19","1255867","АО ГАЗСТРОЙПРОМ","7842155505","31/0109/22","15.09.2022","940794",,"28.10.2024","31.12.2025","127718299,82","0",,,"133","1021","26","15.09.2022","31/0109/22","940794","NullИлиПусто"
"1022","19","1255867","АО ГАЗСТРОЙПРОМ","7842155505","31/0109/22","15.09.2022","940795",,"28.10.2024","31.12.2025","112982365,42","0",,,"133","1022","26","15.09.2022","31/0109/22","940795","NullИлиПусто"
"1023","19","1255867","АО ГАЗСТРОЙПРОМ","7842155505","25/201/0973/22","15.06.2022","94221",,"09.08.2023","31.12.2024","416666666,67","0",,,"133","1023","26","15.06.2022","25/201/0973/22","94221","NullИлиПусто"
"1024","19","1255867","АО ГАЗСТРОЙПРОМ","7842155505","2269/19","01.10.2019","94332",,"14.12.2021","31.12.2024","669516926,82","0",,,"133","1024","26","01.10.2019","2269/19","94332","NullИлиПусто"
"1025","19","1255867","АО ГАЗСТРОЙПРОМ","7842155505","27/0018/22","30.03.2022","952610",,"29.10.2024","31.12.2024","2936655,9","0",,,"133","1025","26","30.03.2022","27/0018/22","952610","NullИлиПусто"
"1026","19","1255867","АО ГАЗСТРОЙПРОМ","7842155505","28/0247/23","20.10.2023","952611",,"29.10.2024","31.07.2027","174421043,87","0",,,"133","1026","26","20.10.2023","28/0247/23","952611","NullИлиПусто"
"1027","19","1255867","АО ГАЗСТРОЙПРОМ","7842155505","28/0039/24","04.04.2024","952612",,"29.10.2024","31.05.2025","26164206,18","0",,,"133","1027","26","04.04.2024","28/0039/24","952612","NullИлиПусто"
"1028","19","1255867","АО ГАЗСТРОЙПРОМ","7842155505","34/0018/22","26.05.2022","952613",,"29.10.2024","31.12.2025","35104000,75","0",,,"133","1028","26","26.05.2022","34/0018/22","952613","NullИлиПусто"
"1029","19","1255867","АО ГАЗСТРОЙПРОМ","7842155505","28/0002/24","13.03.2024","952614",,"29.10.2024","30.07.2026","9422102,62","0",,,"133","1029","26","13.03.2024","28/0002/24","952614","NullИлиПусто"
"1030","19","1255867","АО ГАЗСТРОЙПРОМ","7842155505","31/0109/22","15.09.2022","952617",,"29.10.2024","31.12.2025","219765861,81","0",,,"133","1030","26","15.09.2022","31/0109/22","952617","NullИлиПусто"
"1031","19","1255867","АО ГАЗСТРОЙПРОМ","7842155505","28/0224/23","15.01.2024","952618",,"29.10.2024","31.12.2024","4533643,23","0",,,"133","1031","26","15.01.2024","28/0224/23","952618","NullИлиПусто"
"1032","19","1255867","АО ГАЗСТРОЙПРОМ","7842155505","28/0301/23","18.01.2024","952619",,"29.10.2024","31.12.2024","5820000","0",,,"133","1032","26","18.01.2024","28/0301/23","952619","NullИлиПусто"
"1033","19","1255867","АО ГАЗСТРОЙПРОМ","7842155505","28/0092/24","11.04.2024","952620",,"29.10.2024","25.06.2025","21880800","0",,,"133","1033","26","11.04.2024","28/0092/24","952620","NullИлиПусто"
"1034","19","1255867","АО ГАЗСТРОЙПРОМ","7842155505","28/0064/24","15.04.2024","952621",,"29.10.2024","30.10.2026","187428017,79","0",,,"133","1034","26","15.04.2024","28/0064/24","952621","NullИлиПусто"
"1035","19","1255867","АО ГАЗСТРОЙПРОМ","7842155505","28/0157/24","04.06.2024","952622",,"29.10.2024","30.10.2026","14139345,83","0",,,"133","1035","26","04.06.2024","28/0157/24","952622","NullИлиПусто"
"1036","19","1255867","АО ГАЗСТРОЙПРОМ","7842155505","1684/19","13.09.2019","956027",,"15.05.2024","31.12.2024","59631304,03","0",,,"133","1036","26","13.09.2019","1684/19","956027","NullИлиПусто"
"1037","19","1255867","АО ГАЗСТРОЙПРОМ","7842155505","1838-19","10.02.2020","95740",,"20.08.2024","31.12.2024","14667304,17","0",,,"133","1037","26","10.02.2020","1838-19","95740","NullИлиПусто"
"1038","19","1255867","АО ГАЗСТРОЙПРОМ","7842155505","28/0039/24","04.04.2024","95741",,"20.08.2024","31.12.2025","32326279,37","0",,,"133","1038","26","04.04.2024","28/0039/24","95741","NullИлиПусто"
"1039","19","1255867","АО ГАЗСТРОЙПРОМ","7842155505","28/0239/24","20.06.2024","95742",,"20.08.2024","31.12.2025","29399176,59","0",,,"133","1039","26","20.06.2024","28/0239/24","95742","NullИлиПусто"
"1040","19","1255867","АО ГАЗСТРОЙПРОМ","7842155505","34/0334/22","26.01.2023","95743",,"20.08.2024","31.12.2025","1003513,12","0",,,"133","1040","26","26.01.2023","34/0334/22","95743","NullИлиПусто"
"1041","19","1255867","АО ГАЗСТРОЙПРОМ","7842155505","1838-19","10.02.2020","95753",,"10.11.2023","31.12.2024","28595076,54","0",,,"133","1041","26","10.02.2020","1838-19","95753","NullИлиПусто"
"1042","19","1255867","АО ГАЗСТРОЙПРОМ","7842155505","2581/21","16.07.2021","961925",,"09.08.2024","31.12.2024","845001750,75","0",,,"133","1042","26","16.07.2021","2581/21","961925","NullИлиПусто"
"1043","19","1255867","АО ГАЗСТРОЙПРОМ","7842155505","27/0238/23","23.10.2023","961927",,"09.08.2024","31.12.2024","1623236,41","0",,,"133","1043","26","23.10.2023","27/0238/23","961927","NullИлиПусто"
"1044","19","1255867","АО ГАЗСТРОЙПРОМ","7842155505","25/201/0180/24","17.04.2024","967739",,"30.10.2024","31.12.2024","77503838,39","0",,,"133","1044","26","17.04.2024","25/201/0180/24","967739","NullИлиПусто"
"1045","19","1255867","АО ГАЗСТРОЙПРОМ","7842155505","28/0247/23","20.10.2023","967741",,"30.10.2024","31.07.2027","228077006,52","0",,,"133","1045","26","20.10.2023","28/0247/23","967741","NullИлиПусто"
"1046","19","1255867","АО ГАЗСТРОЙПРОМ","7842155505","34/0018/22","26.05.2022","967743",,"30.10.2024","31.12.2025","32279004,61","0",,,"133","1046","26","26.05.2022","34/0018/22","967743","NullИлиПусто"
"1047","19","1255867","АО ГАЗСТРОЙПРОМ","7842155505","28/0394/23","04.12.2023","967745",,"30.10.2024","30.06.2026","8004054,52","0",,,"133","1047","26","04.12.2023","28/0394/23","967745","NullИлиПусто"
"1048","19","1255867","АО ГАЗСТРОЙПРОМ","7842155505","28/0002/24","13.03.2024","967747",,"30.10.2024","30.07.2026","9021532,55","0",,,"133","1048","26","13.03.2024","28/0002/24","967747","NullИлиПусто"
"1049","19","1255867","АО ГАЗСТРОЙПРОМ","7842155505","28/0733/23","13.03.2024","967749",,"30.10.2024","30.06.2026","6929664,44","0",,,"133","1049","26","13.03.2024","28/0733/23","967749","NullИлиПусто"
"1050","19","1255867","АО ГАЗСТРОЙПРОМ","7842155505","28/0141/24","17.06.2024","967753",,"30.10.2024","30.06.2026","3103929,03","0",,,"133","1050","26","17.06.2024","28/0141/24","967753","NullИлиПусто"
"1051","19","1255867","АО ГАЗСТРОЙПРОМ","7842155505","27/0239/23","23.10.2023","967757",,"30.10.2024","31.12.2025","517170302,12","0",,,"133","1051","26","23.10.2023","27/0239/23","967757","NullИлиПусто"
"1052","19","1255867","АО ГАЗСТРОЙПРОМ","7842155505","31/0109/22","15.09.2022","967768",,"30.10.2024","31.12.2025","326158431,79","0",,,"133","1052","26","15.09.2022","31/0109/22","967768","NullИлиПусто"
"1053","19","1255867","АО ГАЗСТРОЙПРОМ","7842155505","28/0224/23","15.01.2024","967769",,"30.10.2024","31.12.2024","682262,97","0",,,"133","1053","26","15.01.2024","28/0224/23","967769","NullИлиПусто"
"1054","19","1255867","АО ГАЗСТРОЙПРОМ","7842155505","27/0018/22","30.03.2022","968306",,"30.10.2024","31.12.2024","13407588,09","0",,,"133","1054","26","30.03.2022","27/0018/22","968306","NullИлиПусто"
"1055","19","1255867","АО ГАЗСТРОЙПРОМ","7842155505","2269/19","01.10.2019","978504",,"30.10.2023","31.12.2024","440674178,63","0",,,"133","1055","26","01.10.2019","2269/19","978504","NullИлиПусто"
"1056","19","1255867","АО ГАЗСТРОЙПРОМ","7842155505","2269/19","01.10.2019","978505",,"30.10.2023","31.12.2024","580418767,72","0",,,"133","1056","26","01.10.2019","2269/19","978505","NullИлиПусто"
"1057","19","1255867","АО ГАЗСТРОЙПРОМ","7842155505","25/201/0180/24","17.04.2024","982669",,"31.10.2024","31.12.2024","6200918,45","0",,,"133","1057","26","17.04.2024","25/201/0180/24","982669","NullИлиПусто"
"1058","19","1255867","АО ГАЗСТРОЙПРОМ","7842155505","27/0018/22","30.03.2022","982670",,"31.10.2024","31.12.2024","11543245,24","0",,,"133","1058","26","30.03.2022","27/0018/22","982670","NullИлиПусто"
"1059","19","1255867","АО ГАЗСТРОЙПРОМ","7842155505","28/0247/23","20.10.2023","982671",,"31.10.2024","31.07.2027","2819915792,77","0",,,"133","1059","26","20.10.2023","28/0247/23","982671","NullИлиПусто"
"1060","19","1255867","АО ГАЗСТРОЙПРОМ","7842155505","28/0039/24","04.04.2024","982672",,"31.10.2024","30.06.2026","84248774,12","0",,,"133","1060","26","04.04.2024","28/0039/24","982672","NullИлиПусто"
"1061","19","1255867","АО ГАЗСТРОЙПРОМ","7842155505","1210","03.09.2020","982673",,"31.10.2024","31.12.2025","433333333,33","0",,,"133","1061","26","03.09.2020","1210","982673","NullИлиПусто"
"1062","19","1255867","АО ГАЗСТРОЙПРОМ","7842155505","27/0239/23","23.10.2023","982674",,"31.10.2024","31.12.2025","1154402,87","0",,,"133","1062","26","23.10.2023","27/0239/23","982674","NullИлиПусто"
"1063","19","1255867","АО ГАЗСТРОЙПРОМ","7842155505","31/0109/22","15.09.2022","982678",,"31.10.2024","31.12.2025","16339717,92","0",,,"133","1063","26","15.09.2022","31/0109/22","982678","NullИлиПусто"
"1064","19","1255867","АО ГАЗСТРОЙПРОМ","7842155505","28/0224/23","15.01.2024","982679",,"31.10.2024","31.12.2024","46429397,58","0",,,"133","1064","26","15.01.2024","28/0224/23","982679","NullИлиПусто"
"1065","19","1255867","АО ГАЗСТРОЙПРОМ","7842155505","28/0301/23","18.01.2024","982680",,"31.10.2024","31.12.2024","30158506,65","0",,,"133","1065","26","18.01.2024","28/0301/23","982680","NullИлиПусто"
"1066","19","1255867","АО ГАЗСТРОЙПРОМ","7842155505","28/0092/24","11.04.2024","982681",,"31.10.2024","25.06.2025","43938702,53","0",,,"133","1066","26","11.04.2024","28/0092/24","982681","NullИлиПусто"
"1067","19","1255867","АО ГАЗСТРОЙПРОМ","7842155505","28/0064/24","15.04.2024","982682",,"31.10.2024","30.10.2026","19479253,52","0",,,"133","1067","26","15.04.2024","28/0064/24","982682","NullИлиПусто"
"1068","19","1255867","АО ГАЗСТРОЙПРОМ","7842155505","28/0157/24","04.06.2024","982683",,"31.10.2024","30.10.2026","108372363,24","0",,,"133","1068","26","04.06.2024","28/0157/24","982683","NullИлиПусто"
"1069","19","1255867","АО ГАЗСТРОЙПРОМ","7842155505","28/0239/24","20.06.2024","982684",,"31.10.2024","25.06.2025","424736861,02","0",,,"133","1069","26","20.06.2024","28/0239/24","982684","NullИлиПусто"
"1070","19","1255867","АО ГАЗСТРОЙПРОМ","7842155505","2581/21","16.07.2021","983811",,"12.08.2024","31.12.2024","85978991,48","0",,,"133","1070","26","16.07.2021","2581/21","983811","NullИлиПусто"
"1071","19","1255867","АО ГАЗСТРОЙПРОМ","7842155505","27/0239/23","23.10.2023","983815",,"12.08.2024","31.12.2024","148446987,85","0",,,"133","1071","26","23.10.2023","27/0239/23","983815","NullИлиПусто"
"1072","19","1255867","АО ГАЗСТРОЙПРОМ","7842155505","28/0247/23","20.10.2023","984752",,"31.10.2024","31.07.2027","92885095,5","0",,,"133","1072","26","20.10.2023","28/0247/23","984752","NullИлиПусто"
"1073","19","1255867","АО ГАЗСТРОЙПРОМ","7842155505","28/0064/24","15.04.2024","984756",,"31.10.2024","30.10.2026","29482019,52","0",,,"133","1073","26","15.04.2024","28/0064/24","984756","NullИлиПусто"
"1074","19","1255867","АО ГАЗСТРОЙПРОМ","7842155505","1684/19","13.09.2019","998191",,"20.05.2024","31.12.2024","49860364,65","0",,,"133","1074","26","13.09.2019","1684/19","998191","NullИлиПусто"
"1075","19","1272277","ООО РУСГАЗБУРЕНИЕ","7704459330","27/0296/23","31.10.2023","10000541442",,"25.09.2024","31.12.2024","20111670","0",,,"133","1075","26","31.10.2023","27/0296/23","10000541442","NullИлиПусто"
"1076","19","1272277","ООО РУСГАЗБУРЕНИЕ","7704459330","27/0296/23","31.10.2023","10000595960",,"30.09.2024","31.12.2024","16532689,29","0",,,"133","1076","26","31.10.2023","27/0296/23","10000595960","NullИлиПусто"
"1077","19","1272277","ООО РУСГАЗБУРЕНИЕ","7704459330","30/4-БУ-16-2023/РГБ","05.07.2023","103097",,"28.08.2023","15.05.2025","912333,33","0",,,"133","1077","26","05.07.2023","30/4-БУ-16-2023/РГБ","103097","NullИлиПусто"
"1078","19","1272277","ООО РУСГАЗБУРЕНИЕ","7704459330","31/0148/23","03.07.2023","225041",,"20.11.2024","31.12.2025","2529985442,02","0",,,"133","1078","26","03.07.2023","31/0148/23","225041","NullИлиПусто"
"1079","19","1272277","ООО РУСГАЗБУРЕНИЕ","7704459330","31/0148/23","03.07.2023","240788",,"21.11.2024","31.12.2025","883856137,57","0",,,"133","1079","26","03.07.2023","31/0148/23","240788","NullИлиПусто"
"1080","19","1272277","ООО РУСГАЗБУРЕНИЕ","7704459330","31/0148/23","03.07.2023","257066",,"22.11.2024","31.12.2025","107210573,07","0",,,"133","1080","26","03.07.2023","31/0148/23","257066","NullИлиПусто"
"1081","19","1272277","ООО РУСГАЗБУРЕНИЕ","7704459330","31/0148/23","03.07.2023","276646",,"25.11.2024","31.12.2025","132351971,97","0",,,"133","1081","26","03.07.2023","31/0148/23","276646","NullИлиПусто"
"1082","19","1272277","ООО РУСГАЗБУРЕНИЕ","7704459330","31/0148/23","03.07.2023","281287",,"25.11.2024","31.12.2025","41666666,67","0",,,"133","1082","26","03.07.2023","31/0148/23","281287","NullИлиПусто"
"1083","19","1272277","ООО РУСГАЗБУРЕНИЕ","7704459330","31/0148/23","03.07.2023","296180",,"26.11.2024","31.12.2025","41526748,38","0",,,"133","1083","26","03.07.2023","31/0148/23","296180","NullИлиПусто"
"1084","19","1272277","ООО РУСГАЗБУРЕНИЕ","7704459330","31/0148/23","03.07.2023","313184",,"27.11.2024","31.12.2025","7124090,31","0",,,"133","1084","26","03.07.2023","31/0148/23","313184","NullИлиПусто"
"1085","19","1272277","ООО РУСГАЗБУРЕНИЕ","7704459330","31/0148/23","03.07.2023","332023",,"28.11.2024","31.12.2025","170501047,67","0",,,"133","1085","26","03.07.2023","31/0148/23","332023","NullИлиПусто"
"1086","19","1272277","ООО РУСГАЗБУРЕНИЕ","7704459330","27/0296/23","31.10.2023","397676",,"25.06.2024","31.12.2024","126231,75","0",,,"133","1086","26","31.10.2023","27/0296/23","397676","NullИлиПусто"
"1087","19","1272277","ООО РУСГАЗБУРЕНИЕ","7704459330","27/0296/23","31.10.2023","544094",,"25.09.2024","31.12.2024","318960,48","0",,,"133","1087","26","31.10.2023","27/0296/23","544094","NullИлиПусто"
"1088","19","1272277","ООО РУСГАЗБУРЕНИЕ","7704459330","27/0296/23","31.10.2023","678403",,"23.12.2024","31.12.2025","128789204,62","0",,,"133","1088","26","31.10.2023","27/0296/23","678403","NullИлиПусто"
"1089","19","1272277","ООО РУСГАЗБУРЕНИЕ","7704459330","27/0296/23","31.10.2023","703688",,"24.12.2024","31.12.2025","13512850,01","0",,,"133","1089","26","31.10.2023","27/0296/23","703688","NullИлиПусто"
"1090","19","1272277","ООО РУСГАЗБУРЕНИЕ","7704459330","27/0296/23","31.10.2023","720672",,"25.12.2024","31.12.2025","800000","0",,,"133","1090","26","31.10.2023","27/0296/23","720672","NullИлиПусто"
"1091","19","1272277","ООО РУСГАЗБУРЕНИЕ","7704459330","27/0349/23","31.10.2023","720673",,"25.12.2024","31.12.2025","726991666,67","0",,,"133","1091","26","31.10.2023","27/0349/23","720673","NullИлиПусто"
"1092","19","1272277","ООО РУСГАЗБУРЕНИЕ","7704459330","27/0296/23","31.10.2023","740825",,"26.12.2024","31.12.2025","25213,33","0",,,"133","1092","26","31.10.2023","27/0296/23","740825","NullИлиПусто"
"1093","19","1272277","ООО РУСГАЗБУРЕНИЕ","7704459330","27/0296/23","31.10.2023","761233",,"27.12.2024","31.12.2025","909323241,13","0",,,"133","1093","26","31.10.2023","27/0296/23","761233","NullИлиПусто"
"1094","19","1272277","ООО РУСГАЗБУРЕНИЕ","7704459330","27/0296/23","31.10.2023","782884",,"28.12.2024","31.12.2025","312971040,9","0",,,"133","1094","26","31.10.2023","27/0296/23","782884","NullИлиПусто"
"1095","19","1282630","ООО ПРОФГАЗСТРОЙ","7703472810","27/0215/23","18.10.2023","40046",,"04.04.2024","31.08.2025","304214606,16","0",,,"133","1095","26","18.10.2023","27/0215/23","40046","NullИлиПусто"
"1096","19","1282630","ООО ПРОФГАЗСТРОЙ","7703472810","27/0215/23","18.10.2023","87055",,"08.08.2024","31.08.2025","738319411,88","0",,,"133","1096","26","18.10.2023","27/0215/23","87055","NullИлиПусто"
"1097","19","1407155","ООО ССБ","7814728264","29/0052/23","10.03.2023","113676",,"16.10.2024","31.01.2025","4350880,16","0",,,"133","1097","26","10.03.2023","29/0052/23","113676","NullИлиПусто"
"1098","19","1407155","ООО ССБ","7814728264","29/0052/23","10.03.2023","64139",,"25.05.2023","31.01.2025","4376123,84","0",,,"133","1098","26","10.03.2023","29/0052/23","64139","NullИлиПусто"
"1099","19","1417164","ООО СТРОЙКОМПЛЕКТМОНТАЖ","2635801078","25/201/0796/23","31.05.2023","42699",,"10.04.2024","31.12.2024","6329610,74","0",,,"133","1099","26","31.05.2023","25/201/0796/23","42699","NullИлиПусто"
"1100","19","1417164","ООО СТРОЙКОМПЛЕКТМОНТАЖ","2635801078","25/201/0243/24","13.03.2024","54312",,"17.05.2024","31.12.2024","27797949,03","0",,,"133","1100","26","13.03.2024","25/201/0243/24","54312","NullИлиПусто"
"1101","19","1417164","ООО СТРОЙКОМПЛЕКТМОНТАЖ","2635801078","25/201/0243/24","13.03.2024","54313",,"17.05.2024","31.12.2024","432500","0",,,"133","1101","26","13.03.2024","25/201/0243/24","54313","NullИлиПусто"
"1102","19","1419674","АО ГАЗПРОМ ШЕЛЬФПРОЕКТ","7730250045","ГДШ-2511.07.18","13.07.2018","143815",,"23.08.2024","31.12.2027","40122,56","0",,,"133","1102","26","13.07.2018","ГДШ-2511.07.18","143815","NullИлиПусто"
"1103","19","1419674","АО ГАЗПРОМ ШЕЛЬФПРОЕКТ","7730250045","ГДШ-2511.07.18","13.07.2018","154651",,"14.11.2024","31.12.2027","290313,19","0",,,"133","1103","26","13.07.2018","ГДШ-2511.07.18","154651","NullИлиПусто"
"1104","19","1419674","АО ГАЗПРОМ ШЕЛЬФПРОЕКТ","7730250045","ГДШ-2511.07.18","13.07.2018","169786",,"15.11.2024","31.12.2027","980006,56","0",,,"133","1104","26","13.07.2018","ГДШ-2511.07.18","169786","NullИлиПусто"
"1105","19","1419674","АО ГАЗПРОМ ШЕЛЬФПРОЕКТ","7730250045","ГДШ-2511.07.18","13.07.2018","172421",,"15.11.2024","31.12.2027","422209,95","0",,,"133","1105","26","13.07.2018","ГДШ-2511.07.18","172421","NullИлиПусто"
"1106","19","1419674","АО ГАЗПРОМ ШЕЛЬФПРОЕКТ","7730250045","ГДШ-2511.07.18","13.07.2018","193771",,"18.11.2024","31.12.2027","466157345,2","0",,,"133","1106","26","13.07.2018","ГДШ-2511.07.18","193771","NullИлиПусто"
"1107","19","1419674","АО ГАЗПРОМ ШЕЛЬФПРОЕКТ","7730250045","ГДШ-2511.07.18","13.07.2018","195640",,"18.11.2024","31.12.2027","539762,82","0",,,"133","1107","26","13.07.2018","ГДШ-2511.07.18","195640","NullИлиПусто"
"1108","19","1419674","АО ГАЗПРОМ ШЕЛЬФПРОЕКТ","7730250045","ГДШ-2511.07.18","13.07.2018","208975",,"19.11.2024","31.12.2027","211993621,62","0",,,"133","1108","26","13.07.2018","ГДШ-2511.07.18","208975","NullИлиПусто"
"1109","19","1419674","АО ГАЗПРОМ ШЕЛЬФПРОЕКТ","7730250045","ГДШ-2511.07.18","13.07.2018","216017",,"29.08.2024","31.12.2027","134060268,11","0",,,"133","1109","26","13.07.2018","ГДШ-2511.07.18","216017","NullИлиПусто"
"1110","19","1419674","АО ГАЗПРОМ ШЕЛЬФПРОЕКТ","7730250045","ГДШ-2511.07.18","13.07.2018","22461",,"14.02.2024","31.12.2027","179805405,58","0",,,"133","1110","26","13.07.2018","ГДШ-2511.07.18","22461","NullИлиПусто"
"1111","19","1419674","АО ГАЗПРОМ ШЕЛЬФПРОЕКТ","7730250045","ГДШ-2511.07.18","13.07.2018","276643",,"25.11.2024","31.12.2026","38503847,82","0",,,"133","1111","26","13.07.2018","ГДШ-2511.07.18","276643","NullИлиПусто"
"1112","19","1419674","АО ГАЗПРОМ ШЕЛЬФПРОЕКТ","7730250045","ГДШ-2511.07.18","13.07.2018","281284",,"25.11.2024","31.12.2026","535038,8","0",,,"133","1112","26","13.07.2018","ГДШ-2511.07.18","281284","NullИлиПусто"
"1113","19","1419674","АО ГАЗПРОМ ШЕЛЬФПРОЕКТ","7730250045","ГДШ-2511.07.18","13.07.2018","296177",,"26.11.2024","31.12.2026","192198862,27","0",,,"133","1113","26","13.07.2018","ГДШ-2511.07.18","296177","NullИлиПусто"
"1114","19","1419674","АО ГАЗПРОМ ШЕЛЬФПРОЕКТ","7730250045","ГДШ-2511.07.18","13.07.2018","313181",,"27.11.2024","31.12.2026","2944691,7","0",,,"133","1114","26","13.07.2018","ГДШ-2511.07.18","313181","NullИлиПусто"
"1115","19","1419674","АО ГАЗПРОМ ШЕЛЬФПРОЕКТ","7730250045","ГДШ-2511.07.18","13.07.2018","347017",,"29.11.2024","31.12.2027","23250074","0",,,"133","1115","26","13.07.2018","ГДШ-2511.07.18","347017","NullИлиПусто"
"1116","19","1419674","АО ГАЗПРОМ ШЕЛЬФПРОЕКТ","7730250045","ГДШ-2511.07.18","13.07.2018","527965",,"24.09.2024","31.12.2027","13816752,27","0",,,"133","1116","26","13.07.2018","ГДШ-2511.07.18","527965","NullИлиПусто"
"1117","19","1419674","АО ГАЗПРОМ ШЕЛЬФПРОЕКТ","7730250045","ГДШ-2511.07.18","13.07.2018","541443",,"25.09.2024","31.12.2027","298216,67","0",,,"133","1117","26","13.07.2018","ГДШ-2511.07.18","541443","NullИлиПусто"
"1118","19","1419674","АО ГАЗПРОМ ШЕЛЬФПРОЕКТ","7730250045","ГДШ-2511.07.18","13.07.2018","557506",,"26.09.2024","31.12.2027","787442,17","0",,,"133","1118","26","13.07.2018","ГДШ-2511.07.18","557506","NullИлиПусто"
"1119","19","1419674","АО ГАЗПРОМ ШЕЛЬФПРОЕКТ","7730250045","ГДШ-2511.07.18","13.07.2018","572333",,"27.09.2024","31.12.2027","88377708,89","0",,,"133","1119","26","13.07.2018","ГДШ-2511.07.18","572333","NullИлиПусто"
"1120","19","1419674","АО ГАЗПРОМ ШЕЛЬФПРОЕКТ","7730250045","ГДШ-2511.07.18","13.07.2018","574513",,"27.09.2024","31.12.2027","294386110,78","0",,,"133","1120","26","13.07.2018","ГДШ-2511.07.18","574513","NullИлиПусто"
"1121","19","1419674","АО ГАЗПРОМ ШЕЛЬФПРОЕКТ","7730250045","ГДШ-2511.07.18","13.07.2018","58594",,"10.05.2023","31.12.2027","115042687,23","0",,,"133","1121","26","13.07.2018","ГДШ-2511.07.18","58594","NullИлиПусто"
"1122","19","1419674","АО ГАЗПРОМ ШЕЛЬФПРОЕКТ","7730250045","ГДШ-2511.07.18","13.07.2018","58595",,"10.05.2023","31.12.2026","38012244,82","0",,,"133","1122","26","13.07.2018","ГДШ-2511.07.18","58595","NullИлиПусто"
"1123","19","1419674","АО ГАЗПРОМ ШЕЛЬФПРОЕКТ","7730250045","ГДШ-2511.07.18","13.07.2018","595961",,"30.09.2024","31.12.2027","170724841,65","0",,,"133","1123","26","13.07.2018","ГДШ-2511.07.18","595961","NullИлиПусто"
"1124","19","1419674","АО ГАЗПРОМ ШЕЛЬФПРОЕКТ","7730250045","ГДШ-2511.07.18","13.07.2018","843535",,"31.07.2024","31.12.2027","96050482,25","0",,,"133","1124","26","13.07.2018","ГДШ-2511.07.18","843535","NullИлиПусто"
"1125","19","1419674","АО ГАЗПРОМ ШЕЛЬФПРОЕКТ","7730250045","ГДШ-2511.07.18","13.07.2018","843539",,"31.07.2024","31.12.2027","70448076,31","0",,,"133","1125","26","13.07.2018","ГДШ-2511.07.18","843539","NullИлиПусто"
"1126","19","1419674","АО ГАЗПРОМ ШЕЛЬФПРОЕКТ","7730250045","ГДШ-2511.07.18","13.07.2018","849556",,"31.07.2024","31.12.2027","79062,25","0",,,"133","1126","26","13.07.2018","ГДШ-2511.07.18","849556","NullИлиПусто"
"1127","19","1419674","АО ГАЗПРОМ ШЕЛЬФПРОЕКТ","7730250045","ГДШ-2511.07.18","13.07.2018","914062",,"25.10.2024","31.12.2027","3910977,44","0",,,"133","1127","26","13.07.2018","ГДШ-2511.07.18","914062","NullИлиПусто"
"1128","19","1419674","АО ГАЗПРОМ ШЕЛЬФПРОЕКТ","7730250045","ГДШ-2511.07.18","13.07.2018","915968",,"25.10.2024","31.12.2027","100986289,08","0",,,"133","1128","26","13.07.2018","ГДШ-2511.07.18","915968","NullИлиПусто"
"1129","19","1419674","АО ГАЗПРОМ ШЕЛЬФПРОЕКТ","7730250045","ГДШ-2511.07.18","13.07.2018","934960",,"28.10.2024","31.12.2027","99177367,9","0",,,"133","1129","26","13.07.2018","ГДШ-2511.07.18","934960","NullИлиПусто"
"1130","19","1419674","АО ГАЗПРОМ ШЕЛЬФПРОЕКТ","7730250045","ГДШ-2511.07.18","13.07.2018","934961",,"28.10.2024","31.12.2027","56289660,48","0",,,"133","1130","26","13.07.2018","ГДШ-2511.07.18","934961","NullИлиПусто"
"1131","19","1419674","АО ГАЗПРОМ ШЕЛЬФПРОЕКТ","7730250045","ГДШ-2511.07.18","13.07.2018","940792",,"28.10.2024","31.12.2027","15097744,72","0",,,"133","1131","26","13.07.2018","ГДШ-2511.07.18","940792","NullИлиПусто"
"1132","19","1419674","АО ГАЗПРОМ ШЕЛЬФПРОЕКТ","7730250045","ГДШ-2511.07.18","13.07.2018","96694",,"16.08.2023","31.12.2027","591255730,98","0",,,"133","1132","26","13.07.2018","ГДШ-2511.07.18","96694","NullИлиПусто"
"1133","19","1419674","АО ГАЗПРОМ ШЕЛЬФПРОЕКТ","7730250045","ГДШ-2511.07.18","13.07.2018","96696",,"16.08.2023","31.12.2026","72853876,05","0",,,"133","1133","26","13.07.2018","ГДШ-2511.07.18","96696","NullИлиПусто"
"1134","19","1419674","АО ГАЗПРОМ ШЕЛЬФПРОЕКТ","7730250045","ГДШ-2511.07.18","13.07.2018","967763",,"30.10.2024","31.12.2026","3123673,5","0",,,"133","1134","26","13.07.2018","ГДШ-2511.07.18","967763","NullИлиПусто"
"1135","19","1419674","АО ГАЗПРОМ ШЕЛЬФПРОЕКТ","7730250045","ГДШ-2511.07.18","13.07.2018","967767",,"30.10.2024","31.12.2026","234077898,61","0",,,"133","1135","26","13.07.2018","ГДШ-2511.07.18","967767","NullИлиПусто"
"1136","19","1419674","АО ГАЗПРОМ ШЕЛЬФПРОЕКТ","7730250045","ГДШ-2511.07.18","13.07.2018","982675",,"31.10.2024","31.12.2026","290715775,06","0",,,"133","1136","26","13.07.2018","ГДШ-2511.07.18","982675","NullИлиПусто"
"1137","19","1419674","АО ГАЗПРОМ ШЕЛЬФПРОЕКТ","7730250045","ГДШ-2511.07.18","13.07.2018","982676",,"31.10.2024","31.12.2026","568844898,87","0",,,"133","1137","26","13.07.2018","ГДШ-2511.07.18","982676","NullИлиПусто"
"1138","19","1419674","АО ГАЗПРОМ ШЕЛЬФПРОЕКТ","7730250045","ГДШ-2511.07.18","13.07.2018","984754",,"31.10.2024","31.12.2026","548807,63","0",,,"133","1138","26","13.07.2018","ГДШ-2511.07.18","984754","NullИлиПусто"
"1139","19","1531518","АО СИП РС","6319222834","29/0093/23","14.03.2023","164077",,"26.12.2023","30.11.2024","49000000","49000000",,,"133","1139","26","14.03.2023","29/0093/23","164077","NullИлиПусто"
"1140","19","1531518","АО СИП РС","6319222834","29/0093/23","14.03.2023","45187",,"30.03.2023","30.11.2024","3081903,38","3081903,38",,,"133","1140","26","14.03.2023","29/0093/23","45187","NullИлиПусто"
"1141","19","1531518","АО СИП РС","6319222834","29/0093/23","14.03.2023","45253",,"30.03.2023","30.11.2024","21000000","21000000",,,"133","1141","26","14.03.2023","29/0093/23","45253","NullИлиПусто"
"1142","19","1562284","ООО ГАЗОМОТОРНЫЕ КОМПЛЕКСЫ","9718109699","00-18-04/138/21-З(АД","08.10.2023","732 от 10.01.24",,"10.01.2024","31.10.2024","6996220,93","6996220,93",,,"133","1142","26","08.10.2023","00-18-04/138/21-З(АД","732 от 10.01.24","NullИлиПусто"
"1143","21","1009345","ООО ГАЗПРОМ ИНВЕСТ","7810483334","КС-51","01.10.2014","100607",,"12.09.2024","30.03.2025","167710897,2","0",,,"134","1","26","01.10.2014","КС-51","100607","NullИлиПусто"
"1144","21","1009345","ООО ГАЗПРОМ ИНВЕСТ","7810483334","КС-51","01.10.2014","105812",,"25.09.2024","30.06.2025","71653870,01","0",,,"134","2","26","01.10.2014","КС-51","105812","NullИлиПусто"
"1145","21","1009345","ООО ГАЗПРОМ ИНВЕСТ","7810483334","КС-51","01.10.2014","110276",,"10.10.2024","30.04.2025","217956050,11","0","606022",,"134","3","26","01.10.2014","КС-51","110276","NullИлиПусто"
"1146","21","1009345","ООО ГАЗПРОМ ИНВЕСТ","7810483334","КС-51","01.10.2014","111138",,"14.10.2024","30.01.2025","4977972,9","0","ГИ241016-0075-31",,"134","4","26","01.10.2014","КС-51","111138","NullИлиПусто"
"1147","21","1009345","ООО ГАЗПРОМ ИНВЕСТ","7810483334","КС-51","01.10.2014","111174",,"14.10.2024","30.01.2025","44775000","0","ГИ241016-0076-31",,"134","5","26","01.10.2014","КС-51","111174","NullИлиПусто"
"1148","21","1009345","ООО ГАЗПРОМ ИНВЕСТ","7810483334","КС-51","01.10.2014","111175",,"14.10.2024","30.01.2025","25869497,04","0","ГИ241016-0077-31",,"134","6","26","01.10.2014","КС-51","111175","NullИлиПусто"
"1149","21","1009345","ООО ГАЗПРОМ ИНВЕСТ","7810483334","КС-51","01.10.2014","113771",,"17.10.2024","30.04.2025","96218094,52","0","ГИ241018-0004",,"134","7","26","01.10.2014","КС-51","113771","NullИлиПусто"
"1150","21","1009345","ООО ГАЗПРОМ ИНВЕСТ","7810483334","КС-51","01.10.2014","113772",,"17.10.2024","28.02.2025","93380400","0","ГИ241018-0005-31",,"134","8","26","01.10.2014","КС-51","113772","NullИлиПусто"
"1151","21","1009345","ООО ГАЗПРОМ ИНВЕСТ","7810483334","КС-51","01.10.2014","113773",,"17.10.2024","30.05.2025","94350000","0","606022",,"134","9","26","01.10.2014","КС-51","113773","NullИлиПусто"
"1152","21","1009345","ООО ГАЗПРОМ ИНВЕСТ","7810483334","КС-51","01.10.2014","116114",,"23.10.2024","30.01.2025","73498750","0","ГИ241025-0005",,"134","10","26","01.10.2014","КС-51","116114","NullИлиПусто"
"1153","21","1009345","ООО ГАЗПРОМ ИНВЕСТ","7810483334","КС-51","01.10.2014","116299",,"22.10.2024","31.05.2025","8967750","0","ГИ241028-0004-28",,"134","11","26","01.10.2014","КС-51","116299","NullИлиПусто"
"1154","21","1009345","ООО ГАЗПРОМ ИНВЕСТ","7810483334","КС-51","01.10.2014","117648",,"24.10.2024","30.05.2025","99861779,52","0",,,"134","12","26","01.10.2014","КС-51","117648","NullИлиПусто"
"1155","21","1009345","ООО ГАЗПРОМ ИНВЕСТ","7810483334","КС-51","01.10.2014","118505",,"28.10.2024","30.03.2025","4942500","0","ГИ241029-0024",,"134","13","26","01.10.2014","КС-51","118505","NullИлиПусто"
"1156","21","1009345","ООО ГАЗПРОМ ИНВЕСТ","7810483334","КС-51","01.10.2014","118506",,"28.10.2024","30.04.2025","8472912,41","0",,,"134","14","26","01.10.2014","КС-51","118506","NullИлиПусто"
"1157","21","1009345","ООО ГАЗПРОМ ИНВЕСТ","7810483334","КС-51","01.10.2014","118507",,"28.10.2024","30.04.2025","4236456,21","0",,,"134","15","26","01.10.2014","КС-51","118507","NullИлиПусто"
"1158","21","1009345","ООО ГАЗПРОМ ИНВЕСТ","7810483334","КС-51","01.10.2014","118510",,"28.10.2024","31.03.2025","19531680","0","606022",,"134","16","26","01.10.2014","КС-51","118510","NullИлиПусто"
"1159","21","1009345","ООО ГАЗПРОМ ИНВЕСТ","7810483334","КС-51","01.10.2014","118511",,"28.10.2024","31.12.2025","13939380","0","ГИ241029-0023",,"134","17","26","01.10.2014","КС-51","118511","NullИлиПусто"
"1160","21","1009345","ООО ГАЗПРОМ ИНВЕСТ","7810483334","КС-51","01.10.2014","119149",,"09.10.2023","30.09.2026","1250000000","0",,,"134","18","26","01.10.2014","КС-51","119149","NullИлиПусто"
"1161","21","1009345","ООО ГАЗПРОМ ИНВЕСТ","7810483334","КС-51","01.10.2014","119884",,"29.10.2024","31.01.2025","8650009,44","0","ГИ241030-0007-28",,"134","19","26","01.10.2014","КС-51","119884","NullИлиПусто"
"1162","21","1009345","ООО ГАЗПРОМ ИНВЕСТ","7810483334","КС-51","01.10.2014","119885",,"29.10.2024","31.07.2025","42480000","0","606022",,"134","20","26","01.10.2014","КС-51","119885","NullИлиПусто"
"1163","21","1009345","ООО ГАЗПРОМ ИНВЕСТ","7810483334","КС-51","01.10.2014","119886",,"29.10.2024","30.06.2025","86925000","0","606022",,"134","21","26","01.10.2014","КС-51","119886","NullИлиПусто"
"1164","21","1009345","ООО ГАЗПРОМ ИНВЕСТ","7810483334","КС-51","01.10.2014","123939",,"06.11.2024","30.04.2025","421028342,8","0","ГИ241108-0004-28",,"134","22","26","01.10.2014","КС-51","123939","NullИлиПусто"
"1165","21","1009345","ООО ГАЗПРОМ ИНВЕСТ","7810483334","КС-51","01.10.2014","123940",,"06.11.2024","31.08.2025","25303905","0","606022",,"134","23","26","01.10.2014","КС-51","123940","NullИлиПусто"
"1166","21","1009345","ООО ГАЗПРОМ ИНВЕСТ","7810483334","КС-51","01.10.2014","124418",,"12.12.2022","31.01.2025","308169762,33","0",,,"134","24","26","01.10.2014","КС-51","124418","NullИлиПусто"
"1167","21","1009345","ООО ГАЗПРОМ ИНВЕСТ","7810483334","КС-51","01.10.2014","124734",,"08.11.2024","14.07.2025","97279500","0",,,"134","25","26","01.10.2014","КС-51","124734","NullИлиПусто"
"1168","21","1009345","ООО ГАЗПРОМ ИНВЕСТ","7810483334","КС-51","01.10.2014","124735",,"08.11.2024","14.07.2025","97279500","0",,,"134","26","26","01.10.2014","КС-51","124735","NullИлиПусто"
"1169","21","1009345","ООО ГАЗПРОМ ИНВЕСТ","7810483334","КС-51","01.10.2014","124736",,"08.11.2024","14.07.2025","97279500","0",,,"134","27","26","01.10.2014","КС-51","124736","NullИлиПусто"
"1170","21","1009345","ООО ГАЗПРОМ ИНВЕСТ","7810483334","КС-51","01.10.2014","128837",,"20.11.2024","30.05.2025","79023000","0","ГИ241122-0002-31",,"134","28","26","01.10.2014","КС-51","128837","NullИлиПусто"
"1171","21","1009345","ООО ГАЗПРОМ ИНВЕСТ","7810483334","КС-51","01.10.2014","128876",,"19.11.2024","28.02.2025","34875000","0","ГИ241120-0019-31",,"134","29","26","01.10.2014","КС-51","128876","NullИлиПусто"
"1172","21","1009345","ООО ГАЗПРОМ ИНВЕСТ","7810483334","КС-51","01.10.2014","129064",,"19.11.2024","31.03.2026","553816249,99","0","ГИ241120-0004",,"134","30","26","01.10.2014","КС-51","129064","NullИлиПусто"
"1173","21","1009345","ООО ГАЗПРОМ ИНВЕСТ","7810483334","КС-51","01.10.2014","129304",,"22.11.2024","30.09.2025","15719968,75","0","ГИ241127-0002",,"134","31","26","01.10.2014","КС-51","129304","NullИлиПусто"
"1174","21","1009345","ООО ГАЗПРОМ ИНВЕСТ","7810483334","КС-51","01.10.2014","129609",,"26.10.2023","30.09.2026","5966376527,32","0",,,"134","32","26","01.10.2014","КС-51","129609","NullИлиПусто"
"1175","21","1009345","ООО ГАЗПРОМ ИНВЕСТ","7810483334","КС-51","01.10.2014","130372",,"21.11.2024","30.03.2025","107574022,71","0","606022",,"134","33","26","01.10.2014","КС-51","130372","NullИлиПусто"
"1176","21","1009345","ООО ГАЗПРОМ ИНВЕСТ","7810483334","КС-51","01.10.2014","130710",,"26.11.2024","30.03.2025","64103077,56","0","606022",,"134","34","26","01.10.2014","КС-51","130710","NullИлиПусто"
"1177","21","1009345","ООО ГАЗПРОМ ИНВЕСТ","7810483334","КС-51","01.10.2014","130744",,"26.11.2024","13.01.2025","2153903,25","0",,,"134","35","26","01.10.2014","КС-51","130744","NullИлиПусто"
"1178","21","1009345","ООО ГАЗПРОМ ИНВЕСТ","7810483334","КС-51","01.10.2014","137565",,"03.12.2024","28.02.2025","22320000","0","ГИ241205-0003-31",,"134","36","26","01.10.2014","КС-51","137565","NullИлиПусто"
"1179","21","1009345","ООО ГАЗПРОМ ИНВЕСТ","7810483334","КС-51","01.10.2014","139037",,"10.12.2024","30.04.2025","71295162,47","0","?",,"134","37","26","01.10.2014","КС-51","139037","NullИлиПусто"
"1180","21","1009345","ООО ГАЗПРОМ ИНВЕСТ","7810483334","КС-51","01.10.2014","140090",,"10.12.2024","30.08.2025","126651920,06","0","606022",,"134","38","26","01.10.2014","КС-51","140090","NullИлиПусто"
"1181","21","1009345","ООО ГАЗПРОМ ИНВЕСТ","7810483334","КС-51","01.10.2014","140091",,"10.12.2024","30.08.2025","126651920,06","0","606022",,"134","39","26","01.10.2014","КС-51","140091","NullИлиПусто"
"1182","21","1009345","ООО ГАЗПРОМ ИНВЕСТ","7810483334","КС-51","01.10.2014","140092",,"10.12.2024","30.05.2025","103500000,04","0","606022",,"134","40","26","01.10.2014","КС-51","140092","NullИлиПусто"
"1183","21","1009345","ООО ГАЗПРОМ ИНВЕСТ","7810483334","КС-51","01.10.2014","140130",,"11.12.2024","30.03.2025","45500000","0","606022",,"134","41","26","01.10.2014","КС-51","140130","NullИлиПусто"
"1184","21","1009345","ООО ГАЗПРОМ ИНВЕСТ","7810483334","КС-51","01.10.2014","140131",,"11.12.2024","30.04.2025","7975239,9","0","606022",,"134","42","26","01.10.2014","КС-51","140131","NullИлиПусто"
"1185","21","1009345","ООО ГАЗПРОМ ИНВЕСТ","7810483334","КС-51","01.10.2014","143819",,"23.08.2024","30.09.2026","10236795,53","0","ГИ240823-0003",,"134","43","26","01.10.2014","КС-51","143819","NullИлиПусто"
"1186","21","1009345","ООО ГАЗПРОМ ИНВЕСТ","7810483334","КС-51","01.10.2014","144169",,"18.12.2024","30.06.2025","62356549,29","0","606022",,"134","44","26","01.10.2014","КС-51","144169","NullИлиПусто"
"1187","21","1009345","ООО ГАЗПРОМ ИНВЕСТ","7810483334","КС-51","01.10.2014","144170",,"18.12.2024","31.05.2025","160800000","0","606022",,"134","45","26","01.10.2014","КС-51","144170","NullИлиПусто"
"1188","21","1009345","ООО ГАЗПРОМ ИНВЕСТ","7810483334","КС-51","01.10.2014","144171",,"18.12.2024","30.06.2025","113400000","0","606022",,"134","46","26","01.10.2014","КС-51","144171","NullИлиПусто"
"1189","21","1009345","ООО ГАЗПРОМ ИНВЕСТ","7810483334","КС-51","01.10.2014","144172",,"18.12.2024","30.04.2025","50100000","0","606022",,"134","47","26","01.10.2014","КС-51","144172","NullИлиПусто"
"1190","21","1009345","ООО ГАЗПРОМ ИНВЕСТ","7810483334","КС-51","01.10.2014","144173",,"18.12.2024","30.08.2025","132761242,11","0","606022",,"134","48","26","01.10.2014","КС-51","144173","NullИлиПусто"
"1191","21","1009345","ООО ГАЗПРОМ ИНВЕСТ","7810483334","КС-51","01.10.2014","144174",,"18.12.2024","30.05.2025","24430770","0","606022",,"134","49","26","01.10.2014","КС-51","144174","NullИлиПусто"
"1192","21","1009345","ООО ГАЗПРОМ ИНВЕСТ","7810483334","КС-51","01.10.2014","144582",,"19.12.2024","31.07.2025","99247948,2","0","606022",,"134","50","26","01.10.2014","КС-51","144582","NullИлиПусто"
"1193","21","1009345","ООО ГАЗПРОМ ИНВЕСТ","7810483334","КС-51","01.10.2014","145221",,"27.11.2023","30.06.2026","3513383333,3","0","11-29/09",,"134","51","26","01.10.2014","КС-51","145221","NullИлиПусто"
"1194","21","1009345","ООО ГАЗПРОМ ИНВЕСТ","7810483334","КС-51","01.10.2014","145914",,"27.11.2023","13.01.2025","581856800","0","11-29/07",,"134","52","26","01.10.2014","КС-51","145914","NullИлиПусто"
"1195","21","1009345","ООО ГАЗПРОМ ИНВЕСТ","7810483334","КС-51","01.10.2014","145936",,"27.11.2023","01.03.2026","106246039,14","0","11-29/12",,"134","53","26","01.10.2014","КС-51","145936","NullИлиПусто"
"1196","21","1009345","ООО ГАЗПРОМ ИНВЕСТ","7810483334","КС-51","01.10.2014","145937",,"27.11.2023","01.03.2026","1233443605,99","0","11-29/10",,"134","54","26","01.10.2014","КС-51","145937","NullИлиПусто"
"1197","21","1009345","ООО ГАЗПРОМ ИНВЕСТ","7810483334","КС-51","01.10.2014","145938",,"27.11.2023","01.03.2026","569693291,08","0","11-29/11",,"134","55","26","01.10.2014","КС-51","145938","NullИлиПусто"
"1198","21","1009345","ООО ГАЗПРОМ ИНВЕСТ","7810483334","КС-51","01.10.2014","146083",,"23.08.2024","30.09.2026","9177810,76","0","ГИ240823-0002",,"134","56","26","01.10.2014","КС-51","146083","NullИлиПусто"
"1199","21","1009345","ООО ГАЗПРОМ ИНВЕСТ","7810483334","КС-51","01.10.2014","147735",,"23.12.2024","31.12.2025","722926499,87","0","ГИ241225-0010-28",,"134","57","26","01.10.2014","КС-51","147735","NullИлиПусто"
"1200","21","1009345","ООО ГАЗПРОМ ИНВЕСТ","7810483334","КС-51","01.10.2014","154088",,"14.12.2023","30.07.2025","7886770366,47","0","12-18/03",,"134","58","26","01.10.2014","КС-51","154088","NullИлиПусто"
"1201","21","1009345","ООО ГАЗПРОМ ИНВЕСТ","7810483334","КС-51","01.10.2014","170099",,"26.08.2024","30.09.2026","17916666,65","0","ГИ240826-0002",,"134","59","26","01.10.2014","КС-51","170099","NullИлиПусто"
"1202","21","1009345","ООО ГАЗПРОМ ИНВЕСТ","7810483334","КС-51","01.10.2014","20216",,"18.02.2021","30.03.2026","1460047,6","0","02-20/03",,"134","60","26","01.10.2014","КС-51","20216","NullИлиПусто"
"1203","21","1009345","ООО ГАЗПРОМ ИНВЕСТ","7810483334","КС-51","01.10.2014","20217",,"18.02.2021","13.01.2025","39882114,37","0","02-20/02",,"134","61","26","01.10.2014","КС-51","20217","NullИлиПусто"
"1204","21","1009345","ООО ГАЗПРОМ ИНВЕСТ","7810483334","КС-51","01.10.2014","20221",,"18.02.2021","31.03.2026","618865605,06","0",,,"134","62","26","01.10.2014","КС-51","20221","NullИлиПусто"
"1205","21","1009345","ООО ГАЗПРОМ ИНВЕСТ","7810483334","КС-51","01.10.2014","20615",,"03.02.2023","30.09.2025","263564188,85","0","02-06/02-26",,"134","63","26","01.10.2014","КС-51","20615","NullИлиПусто"
"1206","21","1009345","ООО ГАЗПРОМ ИНВЕСТ","7810483334","КС-51","01.10.2014","20616",,"03.02.2023","30.09.2025","263564188,85","0","02-06/03-26",,"134","64","26","01.10.2014","КС-51","20616","NullИлиПусто"
"1207","21","1009345","ООО ГАЗПРОМ ИНВЕСТ","7810483334","КС-51","01.10.2014","20637",,"18.06.2020","30.03.2025","5807969227,88","0","06-22/03",,"134","65","26","01.10.2014","КС-51","20637","NullИлиПусто"
"1208","21","1009345","ООО ГАЗПРОМ ИНВЕСТ","7810483334","КС-51","01.10.2014","22250",,"17.02.2022","30.07.2025","666666666,67","0","02-21/03",,"134","66","26","01.10.2014","КС-51","22250","NullИлиПусто"
"1209","21","1009345","ООО ГАЗПРОМ ИНВЕСТ","7810483334","КС-51","01.10.2014","231395",,"30.08.2024","30.09.2026","1125717272,35","0","ГИ240830-0003",,"134","67","26","01.10.2014","КС-51","231395","NullИлиПусто"
"1210","21","1009345","ООО ГАЗПРОМ ИНВЕСТ","7810483334","КС-51","01.10.2014","231400",,"30.08.2024","01.03.2026","763441951,86","0","ГИ240830-0004",,"134","68","26","01.10.2014","КС-51","231400","NullИлиПусто"
"1211","21","1009345","ООО ГАЗПРОМ ИНВЕСТ","7810483334","КС-51","01.10.2014","23150",,"14.02.2024","13.01.2025","396647519,75","0","02-16/03-25",,"134","69","26","01.10.2014","КС-51","23150","NullИлиПусто"
"1212","21","1009345","ООО ГАЗПРОМ ИНВЕСТ","7810483334","КС-51","01.10.2014","26722",,"05.08.2020","13.01.2025","60468137,58","0","08.07.2001",,"134","70","26","01.10.2014","КС-51","26722","NullИлиПусто"
"1213","21","1009345","ООО ГАЗПРОМ ИНВЕСТ","7810483334","КС-51","01.10.2014","26723",,"05.08.2020","13.01.2025","141373108,02","0","08.07.2002",,"134","71","26","01.10.2014","КС-51","26723","NullИлиПусто"
"1214","21","1009345","ООО ГАЗПРОМ ИНВЕСТ","7810483334","КС-51","01.10.2014","27250",,"09.03.2022","30.03.2026","820485416,25","0",,,"134","72","26","01.10.2014","КС-51","27250","NullИлиПусто"
"1215","21","1009345","ООО ГАЗПРОМ ИНВЕСТ","7810483334","КС-51","01.10.2014","27877",,"19.03.2021","31.03.2026","9680683,45","0","29",,"134","73","26","01.10.2014","КС-51","27877","NullИлиПусто"
"1216","21","1009345","ООО ГАЗПРОМ ИНВЕСТ","7810483334","КС-51","01.10.2014","27878",,"19.03.2021","30.03.2025","250000000","0","27",,"134","74","26","01.10.2014","КС-51","27878","NullИлиПусто"
"1217","21","1009345","ООО ГАЗПРОМ ИНВЕСТ","7810483334","КС-51","01.10.2014","28469","первая","18.08.2020","13.01.2025","2733213421,8","0","08-20/02",,"134","75","26","01.10.2014","КС-51","28469","первая"
"1218","21","1009345","ООО ГАЗПРОМ ИНВЕСТ","7810483334","КС-51","01.10.2014","31044",,"31.08.2020","30.03.2025","335990486,63","0","08-31/03-28",,"134","76","26","01.10.2014","КС-51","31044","NullИлиПусто"
"1219","21","1009345","ООО ГАЗПРОМ ИНВЕСТ","7810483334","КС-51","01.10.2014","31045",,"31.08.2020","30.03.2025","350960282,73","0","08-31/04-28",,"134","77","26","01.10.2014","КС-51","31045","NullИлиПусто"
"1220","21","1009345","ООО ГАЗПРОМ ИНВЕСТ","7810483334","КС-51","01.10.2014","31046",,"31.08.2020","30.03.2025","350960282,73","0","08-31/05-28",,"134","78","26","01.10.2014","КС-51","31046","NullИлиПусто"
"1221","21","1009345","ООО ГАЗПРОМ ИНВЕСТ","7810483334","КС-51","01.10.2014","330177",,"28.11.2024","01.03.2026","1233646715,28","0","ГИ241128-0007",,"134","79","26","01.10.2014","КС-51","330177","NullИлиПусто"
"1222","21","1009345","ООО ГАЗПРОМ ИНВЕСТ","7810483334","КС-51","01.10.2014","330178",,"28.11.2024","01.03.2026","241283355,08","0","ГИ241128-0006",,"134","80","26","01.10.2014","КС-51","330178","NullИлиПусто"
"1223","21","1009345","ООО ГАЗПРОМ ИНВЕСТ","7810483334","КС-51","01.10.2014","33277",,"19.04.2021","31.03.2026","589054616,77","0",,,"134","81","26","01.10.2014","КС-51","33277","NullИлиПусто"
"1224","21","1009345","ООО ГАЗПРОМ ИНВЕСТ","7810483334","КС-51","01.10.2014","334345",,"28.11.2024","30.06.2026","557430213,35","0","ГИ241128-0008",,"134","82","26","01.10.2014","КС-51","334345","NullИлиПусто"
"1225","21","1009345","ООО ГАЗПРОМ ИНВЕСТ","7810483334","КС-51","01.10.2014","3427",,"21.01.2021","13.01.2025","72234402,66","0","6",,"134","83","26","01.10.2014","КС-51","3427","NullИлиПусто"
"1226","21","1009345","ООО ГАЗПРОМ ИНВЕСТ","7810483334","КС-51","01.10.2014","3428",,"21.01.2021","30.03.2025","406358684,7","0","01-25/01",,"134","84","26","01.10.2014","КС-51","3428","NullИлиПусто"
"1227","21","1009345","ООО ГАЗПРОМ ИНВЕСТ","7810483334","КС-51","01.10.2014","347023",,"29.11.2024","13.01.2025","50000000,01","0","ГИ241129-0007",,"134","85","26","01.10.2014","КС-51","347023","NullИлиПусто"
"1228","21","1009345","ООО ГАЗПРОМ ИНВЕСТ","7810483334","КС-51","01.10.2014","347026",,"29.11.2024","30.06.2026","206682829,71","0","ГИ241129-0008",,"134","86","26","01.10.2014","КС-51","347026","NullИлиПусто"
"1229","21","1009345","ООО ГАЗПРОМ ИНВЕСТ","7810483334","КС-51","01.10.2014","347027",,"29.11.2024","30.06.2026","159132596,84","0","ГИ241129-0002",,"134","87","26","01.10.2014","КС-51","347027","NullИлиПусто"
"1230","21","1009345","ООО ГАЗПРОМ ИНВЕСТ","7810483334","КС-51","01.10.2014","347028",,"29.11.2024","30.06.2026","2793715597,28","0","ГИ241129-0003",,"134","88","26","01.10.2014","КС-51","347028","NullИлиПусто"
"1231","21","1009345","ООО ГАЗПРОМ ИНВЕСТ","7810483334","КС-51","01.10.2014","347029",,"29.11.2024","30.06.2026","1910587864,02","0","ГИ241129-0005",,"134","89","26","01.10.2014","КС-51","347029","NullИлиПусто"
"1232","21","1009345","ООО ГАЗПРОМ ИНВЕСТ","7810483334","КС-51","01.10.2014","348766",,"29.11.2024","30.06.2026","1670465208,61","0","ГИ241129-0004",,"134","90","26","01.10.2014","КС-51","348766","NullИлиПусто"
"1233","21","1009345","ООО ГАЗПРОМ ИНВЕСТ","7810483334","КС-51","01.10.2014","348774",,"29.11.2024","30.06.2026","1114860689,96","0","ГИ241129-0006",,"134","91","26","01.10.2014","КС-51","348774","NullИлиПусто"
"1234","21","1009345","ООО ГАЗПРОМ ИНВЕСТ","7810483334","КС-51","01.10.2014","3553",,"19.01.2022","30.03.2026","1770196856,5","0","01-21/01",,"134","92","26","01.10.2014","КС-51","3553","NullИлиПусто"
"1235","21","1009345","ООО ГАЗПРОМ ИНВЕСТ","7810483334","КС-51","01.10.2014","37125",,"08.10.2020","30.03.2025","5000000000","0",,,"134","93","26","01.10.2014","КС-51","37125","NullИлиПусто"
"1236","21","1009345","ООО ГАЗПРОМ ИНВЕСТ","7810483334","КС-51","01.10.2014","39567",,"20.05.2021","30.03.2025","1696056395,05","0","05-21/01",,"134","94","26","01.10.2014","КС-51","39567","NullИлиПусто"
"1237","21","1009345","ООО ГАЗПРОМ ИНВЕСТ","7810483334","КС-51","01.10.2014","40160",,"16.10.2020","31.03.2026","5775808,56","0",,,"134","95","26","01.10.2014","КС-51","40160","NullИлиПусто"
"1238","21","1009345","ООО ГАЗПРОМ ИНВЕСТ","7810483334","КС-51","01.10.2014","41306",,"22.03.2023","31.12.2025","18600000","0",,,"134","96","26","01.10.2014","КС-51","41306","NullИлиПусто"
"1239","21","1009345","ООО ГАЗПРОМ ИНВЕСТ","7810483334","КС-51","01.10.2014","42228",,"28.05.2021","30.03.2026","1312776666","0",,,"134","97","26","01.10.2014","КС-51","42228","NullИлиПусто"
"1240","21","1009345","ООО ГАЗПРОМ ИНВЕСТ","7810483334","КС-51","01.10.2014","42320",,"27.04.2022","30.03.2025","244443348,79","0","04-29/13",,"134","98","26","01.10.2014","КС-51","42320","NullИлиПусто"
"1241","21","1009345","ООО ГАЗПРОМ ИНВЕСТ","7810483334","КС-51","01.10.2014","43923",,"12.04.2024","01.12.2025","537477120","0","04-15/01-25",,"134","99","26","01.10.2014","КС-51","43923","NullИлиПусто"
"1242","21","1009345","ООО ГАЗПРОМ ИНВЕСТ","7810483334","КС-51","01.10.2014","44634",,"28.03.2023","30.09.2025","310125500","0","23002000004",,"134","100","26","01.10.2014","КС-51","44634","NullИлиПусто"
"1243","21","1009345","ООО ГАЗПРОМ ИНВЕСТ","7810483334","КС-51","01.10.2014","44635",,"28.03.2023","30.09.2025","310125500","0","23002000003",,"134","101","26","01.10.2014","КС-51","44635","NullИлиПусто"
"1244","21","1009345","ООО ГАЗПРОМ ИНВЕСТ","7810483334","КС-51","01.10.2014","44636",,"16.04.2024","30.04.2025","947313771,3","0","04-19/01-28",,"134","102","26","01.10.2014","КС-51","44636","NullИлиПусто"
"1245","21","1009345","ООО ГАЗПРОМ ИНВЕСТ","7810483334","КС-51","01.10.2014","44638",,"28.03.2023","30.03.2025","7160112","0",,,"134","103","26","01.10.2014","КС-51","44638","NullИлиПусто"
"1246","21","1009345","ООО ГАЗПРОМ ИНВЕСТ","7810483334","КС-51","01.10.2014","45895",,"22.04.2024","30.05.2025","149998430,01","0",,,"134","104","26","01.10.2014","КС-51","45895","NullИлиПусто"
"1247","21","1009345","ООО ГАЗПРОМ ИНВЕСТ","7810483334","КС-51","01.10.2014","46232",,"22.06.2021","30.03.2026","1770196856,5","0","06-24/01",,"134","105","26","01.10.2014","КС-51","46232","NullИлиПусто"
"1248","21","1009345","ООО ГАЗПРОМ ИНВЕСТ","7810483334","КС-51","01.10.2014","49231",,"29.06.2021","30.03.2025","3166666666,67","0","06-30/40",,"134","106","26","01.10.2014","КС-51","49231","NullИлиПусто"
"1249","21","1009345","ООО ГАЗПРОМ ИНВЕСТ","7810483334","КС-51","01.10.2014","53765",,"21.07.2021","31.03.2026","343206573,2","0","07-23/02",,"134","107","26","01.10.2014","КС-51","53765","NullИлиПусто"
"1250","21","1009345","ООО ГАЗПРОМ ИНВЕСТ","7810483334","КС-51","01.10.2014","53766",,"21.07.2021","30.03.2025","731938256,55","0","07-23/03",,"134","108","26","01.10.2014","КС-51","53766","NullИлиПусто"
"1251","21","1009345","ООО ГАЗПРОМ ИНВЕСТ","7810483334","КС-51","01.10.2014","54332",,"17.05.2024","01.03.2026","219758930,53","0","ГИ240521-00002",,"134","109","26","01.10.2014","КС-51","54332","NullИлиПусто"
"1252","21","1009345","ООО ГАЗПРОМ ИНВЕСТ","7810483334","КС-51","01.10.2014","54333",,"17.05.2024","01.03.2026","74998785,66","0","ГИ240521-00001",,"134","110","26","01.10.2014","КС-51","54333","NullИлиПусто"
"1253","21","1009345","ООО ГАЗПРОМ ИНВЕСТ","7810483334","КС-51","01.10.2014","56078",,"28.04.2023","30.09.2025","46561311,15","0","04-28/002-26",,"134","111","26","01.10.2014","КС-51","56078","NullИлиПусто"
"1254","21","1009345","ООО ГАЗПРОМ ИНВЕСТ","7810483334","КС-51","01.10.2014","56079",,"28.04.2023","30.09.2025","46561311,15","0","04-28/003-26",,"134","112","26","01.10.2014","КС-51","56079","NullИлиПусто"
"1255","21","1009345","ООО ГАЗПРОМ ИНВЕСТ","7810483334","КС-51","01.10.2014","63059",,"14.06.2024","30.05.2025","67975000,2","0",,,"134","113","26","01.10.2014","КС-51","63059","NullИлиПусто"
"1256","21","1009345","ООО ГАЗПРОМ ИНВЕСТ","7810483334","КС-51","01.10.2014","63408",,"27.08.2021","30.03.2025","1413380329,21","0","08-31/47",,"134","114","26","01.10.2014","КС-51","63408","NullИлиПусто"
"1257","21","1009345","ООО ГАЗПРОМ ИНВЕСТ","7810483334","КС-51","01.10.2014","638467",,"19.12.2024","30.07.2027","557430344,95","0","ГИ241219-0007",,"134","115","26","01.10.2014","КС-51","638467","NullИлиПусто"
"1258","21","1009345","ООО ГАЗПРОМ ИНВЕСТ","7810483334","КС-51","01.10.2014","638468",,"19.12.2024","30.07.2027","275902988,29","0","ГИ241219-0005",,"134","116","26","01.10.2014","КС-51","638468","NullИлиПусто"
"1259","21","1009345","ООО ГАЗПРОМ ИНВЕСТ","7810483334","КС-51","01.10.2014","638469",,"19.12.2024","30.07.2027","3751377988,23","0","ГИ241219-0006",,"134","117","26","01.10.2014","КС-51","638469","NullИлиПусто"
"1260","21","1009345","ООО ГАЗПРОМ ИНВЕСТ","7810483334","КС-51","01.10.2014","638874",,"15.07.2024","31.12.2026","5405838224,66","0","ГИ240715-0006",,"134","118","26","01.10.2014","КС-51","638874","NullИлиПусто"
"1261","21","1009345","ООО ГАЗПРОМ ИНВЕСТ","7810483334","КС-51","01.10.2014","64823",,"18.06.2024","30.05.2025","1026661,77","0","ГИ240620-0007-31",,"134","119","26","01.10.2014","КС-51","64823","NullИлиПусто"
"1262","21","1009345","ООО ГАЗПРОМ ИНВЕСТ","7810483334","КС-51","01.10.2014","64824",,"18.06.2024","31.01.2025","4493739,77","0","ГИ240620-00013-2",,"134","120","26","01.10.2014","КС-51","64824","NullИлиПусто"
"1263","21","1009345","ООО ГАЗПРОМ ИНВЕСТ","7810483334","КС-51","01.10.2014","64825",,"18.06.2024","30.01.2025","65261631,11","0","ГИ240620-0004",,"134","121","26","01.10.2014","КС-51","64825","NullИлиПусто"
"1264","21","1009345","ООО ГАЗПРОМ ИНВЕСТ","7810483334","КС-51","01.10.2014","656337",,"20.12.2024","30.07.2027","557430345,05","0","ГИ241220-0015",,"134","122","26","01.10.2014","КС-51","656337","NullИлиПусто"
"1265","21","1009345","ООО ГАЗПРОМ ИНВЕСТ","7810483334","КС-51","01.10.2014","66690",,"31.05.2023","28.02.2025","41211600","0","06-02/001-26",,"134","123","26","01.10.2014","КС-51","66690","NullИлиПусто"
"1266","21","1009345","ООО ГАЗПРОМ ИНВЕСТ","7810483334","КС-51","01.10.2014","66691",,"31.05.2023","28.02.2025","41211600","0","06-02/002-26",,"134","124","26","01.10.2014","КС-51","66691","NullИлиПусто"
"1267","21","1009345","ООО ГАЗПРОМ ИНВЕСТ","7810483334","КС-51","01.10.2014","67873",,"06.06.2023","01.12.2025","879720000","0","06-08/01-25",,"134","125","26","01.10.2014","КС-51","67873","NullИлиПусто"
"1268","21","1009345","ООО ГАЗПРОМ ИНВЕСТ","7810483334","КС-51","01.10.2014","67875",,"06.06.2023","30.06.2025","248019600","0","06-08/04-25",,"134","126","26","01.10.2014","КС-51","67875","NullИлиПусто"
"1269","21","1009345","ООО ГАЗПРОМ ИНВЕСТ","7810483334","КС-51","01.10.2014","67876",,"06.06.2023","30.06.2025","215953200","0","06-08/03-25",,"134","127","26","01.10.2014","КС-51","67876","NullИлиПусто"
"1270","21","1009345","ООО ГАЗПРОМ ИНВЕСТ","7810483334","КС-51","01.10.2014","690150",,"18.07.2024","31.12.2026","3569210728,72","0","ГИ240718-0001",,"134","128","26","01.10.2014","КС-51","690150","NullИлиПусто"
"1271","21","1009345","ООО ГАЗПРОМ ИНВЕСТ","7810483334","КС-51","01.10.2014","69676",,"23.09.2021","31.03.2026","83419766,05","0","09-27/02",,"134","129","26","01.10.2014","КС-51","69676","NullИлиПусто"
"1272","21","1009345","ООО ГАЗПРОМ ИНВЕСТ","7810483334","КС-51","01.10.2014","69677",,"23.09.2021","31.03.2026","558743910,3","0","09-27/03",,"134","130","26","01.10.2014","КС-51","69677","NullИлиПусто"
"1273","21","1009345","ООО ГАЗПРОМ ИНВЕСТ","7810483334","КС-51","01.10.2014","718395",,"22.07.2024","01.03.2026","93832523,47","0","ГИ240722-0001",,"134","131","26","01.10.2014","КС-51","718395","NullИлиПусто"
"1274","21","1009345","ООО ГАЗПРОМ ИНВЕСТ","7810483334","КС-51","01.10.2014","718396",,"22.07.2024","01.03.2026","28758411,56","0","ГИ240722-0002",,"134","132","26","01.10.2014","КС-51","718396","NullИлиПусто"
"1275","21","1009345","ООО ГАЗПРОМ ИНВЕСТ","7810483334","КС-51","01.10.2014","72024",,"19.06.2023","31.03.2025","41211600","0","06-22/002-26",,"134","133","26","01.10.2014","КС-51","72024","NullИлиПусто"
"1276","21","1009345","ООО ГАЗПРОМ ИНВЕСТ","7810483334","КС-51","01.10.2014","72025",,"19.06.2023","31.03.2025","41211600","0","06-22/003-26",,"134","134","26","01.10.2014","КС-51","72025","NullИлиПусто"
"1277","21","1009345","ООО ГАЗПРОМ ИНВЕСТ","7810483334","КС-51","01.10.2014","720668",,"25.12.2024","30.09.2026","3205028,83","0","ГИ241225-0001",,"134","135","26","01.10.2014","КС-51","720668","NullИлиПусто"
"1278","21","1009345","ООО ГАЗПРОМ ИНВЕСТ","7810483334","КС-51","01.10.2014","740804",,"26.12.2024","30.09.2026","68357893,94","0","ГИ241226-0001",,"134","136","26","01.10.2014","КС-51","740804","NullИлиПусто"
"1279","21","1009345","ООО ГАЗПРОМ ИНВЕСТ","7810483334","КС-51","01.10.2014","740817",,"26.12.2024","31.03.2026","81644005,34","0","ГИ241226-0002",,"134","137","26","01.10.2014","КС-51","740817","NullИлиПусто"
"1280","21","1009345","ООО ГАЗПРОМ ИНВЕСТ","7810483334","КС-51","01.10.2014","740819",,"26.12.2024","31.03.2026","15388531,93","0","ГИ241225-0002",,"134","138","26","01.10.2014","КС-51","740819","NullИлиПусто"
"1281","21","1009345","ООО ГАЗПРОМ ИНВЕСТ","7810483334","КС-51","01.10.2014","761237",,"27.12.2024","31.03.2026","61757774,47","0",,,"134","139","26","01.10.2014","КС-51","761237","NullИлиПусто"
"1282","21","1009345","ООО ГАЗПРОМ ИНВЕСТ","7810483334","КС-51","01.10.2014","77192",,"29.07.2024","30.01.2025","42453129,15","0","ГИ240731-0098-28",,"134","140","26","01.10.2014","КС-51","77192","NullИлиПусто"
"1283","21","1009345","ООО ГАЗПРОМ ИНВЕСТ","7810483334","КС-51","01.10.2014","782887",,"28.12.2024","01.03.2026","136812838,47","0",,,"134","141","26","01.10.2014","КС-51","782887","NullИлиПусто"
"1284","21","1009345","ООО ГАЗПРОМ ИНВЕСТ","7810483334","КС-51","01.10.2014","79031",,"26.07.2024","31.03.2025","8359775,1","0","606022",,"134","142","26","01.10.2014","КС-51","79031","NullИлиПусто"
"1285","21","1009345","ООО ГАЗПРОМ ИНВЕСТ","7810483334","КС-51","01.10.2014","80361",,"26.10.2021","30.07.2025","666666666,67","0","10-28/04",,"134","143","26","01.10.2014","КС-51","80361","NullИлиПусто"
"1286","21","1009345","ООО ГАЗПРОМ ИНВЕСТ","7810483334","КС-51","01.10.2014","82293",,"12.11.2021","31.03.2026","194646120,77","0","11-16/01",,"134","144","26","01.10.2014","КС-51","82293","NullИлиПусто"
"1287","21","1009345","ООО ГАЗПРОМ ИНВЕСТ","7810483334","КС-51","01.10.2014","826643",,"30.07.2024","31.12.2026","3249455,97","0","ГИ240730-0005",,"134","145","26","01.10.2014","КС-51","826643","NullИлиПусто"
"1288","21","1009345","ООО ГАЗПРОМ ИНВЕСТ","7810483334","КС-51","01.10.2014","83056",,"30.07.2024","13.01.2025","17690779,96","0","ГИ240731-0104-28",,"134","146","26","01.10.2014","КС-51","83056","NullИлиПусто"
"1289","21","1009345","ООО ГАЗПРОМ ИНВЕСТ","7810483334","КС-51","01.10.2014","83165",,"31.07.2024","30.04.2025","526285428,5","0","ГИ240731-0099-28",,"134","147","26","01.10.2014","КС-51","83165","NullИлиПусто"
"1290","21","1009345","ООО ГАЗПРОМ ИНВЕСТ","7810483334","КС-51","01.10.2014","843508",,"31.07.2024","31.12.2026","292005849,18","0","ГИ240731-0232",,"134","148","26","01.10.2014","КС-51","843508","NullИлиПусто"
"1291","21","1009345","ООО ГАЗПРОМ ИНВЕСТ","7810483334","КС-51","01.10.2014","843547",,"31.07.2024","31.03.2026","6980482560,72","0","ГИ240731-0233",,"134","149","26","01.10.2014","КС-51","843547","NullИлиПусто"
"1292","21","1009345","ООО ГАЗПРОМ ИНВЕСТ","7810483334","КС-51","01.10.2014","843548",,"31.07.2024","01.03.2026","224970423,37","0","ГИ240731-0329",,"134","150","26","01.10.2014","КС-51","843548","NullИлиПусто"
"1293","21","1009345","ООО ГАЗПРОМ ИНВЕСТ","7810483334","КС-51","01.10.2014","843550",,"31.07.2024","01.03.2026","98675913,17","0","ГИ240731-0330",,"134","151","26","01.10.2014","КС-51","843550","NullИлиПусто"
"1294","21","1009345","ООО ГАЗПРОМ ИНВЕСТ","7810483334","КС-51","01.10.2014","84453",,"08.09.2022","28.03.2025","7500000","0","09-12/02-30",,"134","152","26","01.10.2014","КС-51","84453","NullИлиПусто"
"1295","21","1009345","ООО ГАЗПРОМ ИНВЕСТ","7810483334","КС-51","01.10.2014","86339",,"20.07.2023","31.03.2025","41211600","0","07-24/002-26",,"134","153","26","01.10.2014","КС-51","86339","NullИлиПусто"
"1296","21","1009345","ООО ГАЗПРОМ ИНВЕСТ","7810483334","КС-51","01.10.2014","87052",,"08.08.2024","30.01.2025","6346503,71","0",,,"134","154","26","01.10.2014","КС-51","87052","NullИлиПусто"
"1297","21","1009345","ООО ГАЗПРОМ ИНВЕСТ","7810483334","КС-51","01.10.2014","87053",,"08.08.2024","30.03.2025","44250000","0",,,"134","155","26","01.10.2014","КС-51","87053","NullИлиПусто"
"1298","21","1009345","ООО ГАЗПРОМ ИНВЕСТ","7810483334","КС-51","01.10.2014","89541",,"16.08.2024","27.02.2025","187260000","0","ГИ240820-0003-31",,"134","156","26","01.10.2014","КС-51","89541","NullИлиПусто"
"1299","21","1009345","ООО ГАЗПРОМ ИНВЕСТ","7810483334","КС-51","01.10.2014","89542",,"16.08.2024","31.12.2025","18744000,05","0","ГИ240820-0002-28",,"134","157","26","01.10.2014","КС-51","89542","NullИлиПусто"
"1300","21","1009345","ООО ГАЗПРОМ ИНВЕСТ","7810483334","КС-51","01.10.2014","89619",,"19.08.2024","31.12.2025","8368499,95","0","ГИ240820-0001-28",,"134","158","26","01.10.2014","КС-51","89619","NullИлиПусто"
"1301","21","1009345","ООО ГАЗПРОМ ИНВЕСТ","7810483334","КС-51","01.10.2014","89693",,"19.08.2024","30.05.2025","248750000","0","606022",,"134","159","26","01.10.2014","КС-51","89693","NullИлиПусто"
"1302","21","1009345","ООО ГАЗПРОМ ИНВЕСТ","7810483334","КС-51","01.10.2014","90123",,"06.12.2021","28.02.2026","1369098440","0","12.08.2002",,"134","160","26","01.10.2014","КС-51","90123","NullИлиПусто"
"1303","21","1009345","ООО ГАЗПРОМ ИНВЕСТ","7810483334","КС-51","01.10.2014","91199",,"21.08.2024","30.05.2025","172085750","0","ГИ240823-0002-31",,"134","161","26","01.10.2014","КС-51","91199","NullИлиПусто"
"1304","21","1009345","ООО ГАЗПРОМ ИНВЕСТ","7810483334","КС-51","01.10.2014","91615",,"22.08.2024","31.12.2025","18875000","0","ГИ240823-0002-28",,"134","162","26","01.10.2014","КС-51","91615","NullИлиПусто"
"1305","21","1009345","ООО ГАЗПРОМ ИНВЕСТ","7810483334","КС-51","01.10.2014","91829",,"22.08.2024","30.01.2025","17121128,11","0","606022",,"134","163","26","01.10.2014","КС-51","91829","NullИлиПусто"
"1306","21","1009345","ООО ГАЗПРОМ ИНВЕСТ","7810483334","КС-51","01.10.2014","93027",,"28.09.2022","13.01.2025","37065901,59","0","09-30/115",,"134","164","26","01.10.2014","КС-51","93027","NullИлиПусто"
"1307","21","1009345","ООО ГАЗПРОМ ИНВЕСТ","7810483334","КС-51","01.10.2014","93809",,"03.10.2022","13.01.2025","646089947,95","0","10.03.2003",,"134","165","26","01.10.2014","КС-51","93809","NullИлиПусто"
"1308","21","1009345","ООО ГАЗПРОМ ИНВЕСТ","7810483334","КС-51","01.10.2014","94780",,"29.08.2024","14.07.2025","307500000","0",,,"134","166","26","01.10.2014","КС-51","94780","NullИлиПусто"
"1309","21","1009345","ООО ГАЗПРОМ ИНВЕСТ","7810483334","КС-51","01.10.2014","94781",,"29.08.2024","14.07.2025","307500000","0",,,"134","167","26","01.10.2014","КС-51","94781","NullИлиПусто"
"1310","21","1009345","ООО ГАЗПРОМ ИНВЕСТ","7810483334","КС-51","01.10.2014","94782",,"29.08.2024","14.07.2025","307500000","0",,,"134","168","26","01.10.2014","КС-51","94782","NullИлиПусто"
"1311","21","1009345","ООО ГАЗПРОМ ИНВЕСТ","7810483334","КС-51","01.10.2014","94784",,"29.08.2024","30.01.2025","40534096,2","0","606022",,"134","169","26","01.10.2014","КС-51","94784","NullИлиПусто"
"1312","21","1009345","ООО ГАЗПРОМ ИНВЕСТ","7810483334","КС-51","01.10.2014","94788",,"29.08.2024","01.12.2025","635482880","0","ГИ240830-0022-25",,"134","170","26","01.10.2014","КС-51","94788","NullИлиПусто"
"1313","21","1009345","ООО ГАЗПРОМ ИНВЕСТ","7810483334","КС-51","01.10.2014","94789",,"29.08.2024","30.06.2025","330692800","0","ГИ240830-0023-25",,"134","171","26","01.10.2014","КС-51","94789","NullИлиПусто"
"1314","21","1009345","ООО ГАЗПРОМ ИНВЕСТ","7810483334","КС-51","01.10.2014","94790",,"29.08.2024","30.06.2025","287937600","0","ГИ240830-0024-25",,"134","172","26","01.10.2014","КС-51","94790","NullИлиПусто"
"1315","21","1009345","ООО ГАЗПРОМ ИНВЕСТ","7810483334","КС-51","01.10.2014","96634",,"20.12.2021","30.03.2026","820485416,25","0","12-22/03",,"134","173","26","01.10.2014","КС-51","96634","NullИлиПусто"
"1316","21","1009345","ООО ГАЗПРОМ ИНВЕСТ","7810483334","КС-51","01.10.2014","967783",,"30.10.2024","13.01.2025","583333333,34","0","ГИ241030-0003",,"134","174","26","01.10.2014","КС-51","967783","NullИлиПусто"
"1317","21","1009345","ООО ГАЗПРОМ ИНВЕСТ","7810483334","КС-51","01.10.2014","967784",,"30.10.2024","31.03.2026","73794688,61","0","ГИ241030-0004",,"134","175","26","01.10.2014","КС-51","967784","NullИлиПусто"
"1318","21","1009345","ООО ГАЗПРОМ ИНВЕСТ","7810483334","КС-51","01.10.2014","98890",,"10.09.2024","30.05.2025","56750000","0","606022",,"134","176","26","01.10.2014","КС-51","98890","NullИлиПусто"
"1319","21","1009345","ООО ГАЗПРОМ ИНВЕСТ","7810483334","КС-51","01.10.2014","99261",,"10.09.2024","30.09.2025","24102000","0",,,"134","177","26","01.10.2014","КС-51","99261","NullИлиПусто"
"1320","21","1009345","ООО ГАЗПРОМ ИНВЕСТ","7810483334","КС-51","01.10.2014","99262",,"10.09.2024","30.06.2025","12051000","0",,,"134","178","26","01.10.2014","КС-51","99262","NullИлиПусто"
"1321","23","2","ООО ГАЗПРОМ ДОБЫЧА АСТРАХАНЬ","3006006420","КС-01","27.06.2018","0519CR0003",,"30.09.2019","31.12.2025","9437,65","0",,,"135","1","26","27.06.2018","КС-01","0519CR0003","NullИлиПусто"
"1322","23","2","ООО ГАЗПРОМ ДОБЫЧА АСТРАХАНЬ","3006006420","КС-01","27.06.2018","0519CR0004","1","30.09.2019","31.10.2026","63573,24","0",,,"135","2","26","27.06.2018","КС-01","0519CR0004","1"
"1323","23","2","ООО ГАЗПРОМ ДОБЫЧА АСТРАХАНЬ","3006006420","КС-01","27.06.2018","0519CR0007",,"15.12.2019","01.12.2026","10308,65","0",,,"135","3","26","27.06.2018","КС-01","0519CR0007","NullИлиПусто"
"1324","23","2","ООО ГАЗПРОМ ДОБЫЧА АСТРАХАНЬ","3006006420","КС-01","27.06.2018","0520CR015",,"31.10.2020","31.12.2025","616,16","0",,,"135","4","26","27.06.2018","КС-01","0520CR015","NullИлиПусто"
"1325","23","39","ООО ГАЗПРОМ ДОБЫЧА ЯМБУРГ","8904034777","КС-39","18.07.2016","2520 CR 0032",,"31.12.2020","31.12.2025","1044,4","0",,,"135","5","26","18.07.2016","КС-39","2520 CR 0032","NullИлиПусто"
"1326","23","39","ООО ГАЗПРОМ ДОБЫЧА ЯМБУРГ","8904034777","КС-39","18.07.2016","2521 CR 0003",,"30.09.2021","01.12.2026","3105,92","0",,,"135","6","26","18.07.2016","КС-39","2521 CR 0003","NullИлиПусто"
"1327","23","1009345","ООО ГАЗПРОМ ИНВЕСТ","7810483334","КС-51","01.10.2014","0620CR000043",,"30.11.2021","01.11.2026","497,62","0",,,"135","7","26","01.10.2014","КС-51","0620CR000043","NullИлиПусто"
"1328","23","1009345","ООО ГАЗПРОМ ИНВЕСТ","7810483334","КС-51","01.10.2014","0620CR000489",,"31.12.2020","31.12.2025","6720,63","0",,,"135","8","26","01.10.2014","КС-51","0620CR000489","NullИлиПусто"
"1329","23","1009345","ООО ГАЗПРОМ ИНВЕСТ","7810483334","КС-51","01.10.2014","0621CR000150",,"15.07.2021","01.12.2026","3782,64","0",,,"135","9","26","01.10.2014","КС-51","0621CR000150","NullИлиПусто"
"1330","23","1009345","ООО ГАЗПРОМ ИНВЕСТ","7810483334","КС-51","01.10.2014","2520 CR 0020",,"30.11.2020","01.10.2026","2735,02","0",,,"135","10","26","01.10.2014","КС-51","2520 CR 0020","NullИлиПусто"
"1331","23","1009345","ООО ГАЗПРОМ ИНВЕСТ","7810483334","КС-51","01.10.2014","2520 CR 0028",,"28.02.2021","01.11.2026","2643,15","0",,,"135","11","26","01.10.2014","КС-51","2520 CR 0028","NullИлиПусто"
"1332","23","1009345","ООО ГАЗПРОМ ИНВЕСТ","7810483334","КС-51","01.10.2014","2520 CR 0029",,"31.12.2020","31.12.2025","2878,97","0",,,"135","12","26","01.10.2014","КС-51","2520 CR 0029","NullИлиПусто"
"1333","23","1009345","ООО ГАЗПРОМ ИНВЕСТ","7810483334","КС-51","01.10.2014","2520 CR 0030",,"10.11.2020","01.12.2025","2118,79","0",,,"135","13","26","01.10.2014","КС-51","2520 CR 0030","NullИлиПусто"
"1334","23","1009345","ООО ГАЗПРОМ ИНВЕСТ","7810483334","КС-51","01.10.2014","3616 CR 0005","2","31.10.2021","31.12.2024","2002,23","0",,,"135","14","26","01.10.2014","КС-51","3616 CR 0005","2"
"1335","24","39","ООО ГАЗПРОМ ДОБЫЧА ЯМБУРГ","8904034777","КС-39","18.07.2016","А36-10695/2019",,"12.12.2019","31.12.2020","144363,34","144363,34",,,"137","1","26","18.07.2016","КС-39","А36-10695/2019","NullИлиПусто"
"1336","24","39","ООО ГАЗПРОМ ДОБЫЧА ЯМБУРГ","8904034777","КС-39","18.07.2016","А56-16037/2020",,"28.04.2020","31.12.2020","667180,08","667180,08","2",,"137","2","26","18.07.2016","КС-39","А56-16037/2020","NullИлиПусто"
"1337","24","39","ООО ГАЗПРОМ ДОБЫЧА ЯМБУРГ","8904034777","КС-39","18.07.2016","А56-69288/2020",,"19.10.2020","31.12.2020","403510,52","403510,52",,,"137","3","26","18.07.2016","КС-39","А56-69288/2020","NullИлиПусто"
"1338","24","1009345","ООО ГАЗПРОМ ИНВЕСТ","7810483334","КС-51","01.10.2014","50-01/МС-005619",,"12.02.2024","30.10.2024","193193,28","193193,28",,,"137","4","26","01.10.2014","КС-51","50-01/МС-005619","NullИлиПусто"
"1339","24","1009345","ООО ГАЗПРОМ ИНВЕСТ","7810483334","КС-51","01.10.2014","50-01/МС-040649",,"25.10.2024","31.10.2024","73533,6","73533,6",,,"137","5","26","01.10.2014","КС-51","50-01/МС-040649","NullИлиПусто"
"1340","24","1030081","ООО ОМЕГА","7816135541","578/ИЗАПАД/12-11-024",,"А56-4604/2016/тр.2","1","02.10.2019","02.10.2019","709313898,34","709313898,34","1009345",,"137","6","26","01.01.1900","578/ИЗАПАД/12-11-024","А56-4604/2016/тр.2","1"
"1341","24","1030081","ООО ОМЕГА","7816135541","001/ИЗАПАД/1.1-0114",,"А56-4604/2016/тр.2","2","27.11.2019","27.11.2019","692370919,19","692370919,19","1009345",,"137","7","26","01.01.1900","001/ИЗАПАД/1.1-0114","А56-4604/2016/тр.2","2"
"1342","24","1182028","ООО НВЭМ","3443920122","СМР550-29-16","02.03.2016","A12-38825/2019","18","30.06.2020","31.12.2020","5447,52","5447,52",,,"137","8","26","02.03.2016","СМР550-29-16","A12-38825/2019","18"
"1343","24","1182028","ООО НВЭМ","3443920122","СМР550-28-16","02.03.2016","A12-38825/2019","17","30.06.2020","31.12.2020","63190,65","63190,65",,,"137","9","26","02.03.2016","СМР550-28-16","A12-38825/2019","17"
"1344","24","1182028","ООО НВЭМ","3443920122","СМР550-27-16","02.03.2016","A12-38825/2019","16","30.06.2020","31.12.2020","5447,46","5447,46",,,"137","10","26","02.03.2016","СМР550-27-16","A12-38825/2019","16"
"1345","24","1182028","ООО НВЭМ","3443920122","СМР550-26-16","29.02.2016","A12-38825/2019","15","30.06.2020","31.12.2020","18521,4","18521,4",,,"137","11","26","29.02.2016","СМР550-26-16","A12-38825/2019","15"
"1346","24","1182028","ООО НВЭМ","3443920122","СМР550-25-16","02.03.2016","A12-38825/2019","14","30.06.2020","31.12.2020","63190,66","63190,66",,,"137","12","26","02.03.2016","СМР550-25-16","A12-38825/2019","14"
"1347","24","1182028","ООО НВЭМ","3443920122","СМР550-24-16","02.03.2016","A12-38825/2019","13","30.06.2020","31.12.2020","18521,4","18521,4",,,"137","13","26","02.03.2016","СМР550-24-16","A12-38825/2019","13"
"1348","24","1182028","ООО НВЭМ","3443920122","СМР550-23-16","26.02.2016","A12-38825/2019","12","30.06.2020","31.12.2020","5447,46","5447,46",,,"137","14","26","26.02.2016","СМР550-23-16","A12-38825/2019","12"
"1349","24","1182028","ООО НВЭМ","3443920122","СМР550-22-16","29.02.2016","A12-38825/2019","11","30.06.2020","31.12.2020","11984,44","11984,44",,,"137","15","26","29.02.2016","СМР550-22-16","A12-38825/2019","11"
"1350","24","1182028","ООО НВЭМ","3443920122","СМР550-21-16","02.03.2016","A12-38825/2019","10","30.06.2020","31.12.2020","5447,46","5447,46",,,"137","16","26","02.03.2016","СМР550-21-16","A12-38825/2019","10"
"1351","24","1182028","ООО НВЭМ","3443920122","СМР550-20-16","02.03.2016","A12-38825/2019","9","30.06.2020","31.12.2020","5447,47","5447,47",,,"137","17","26","02.03.2016","СМР550-20-16","A12-38825/2019","9"
"1352","24","1182028","ООО НВЭМ","3443920122","СМР550-19-16","29.02.2016","A12-38825/2019","8","30.06.2020","31.12.2020","18521,4","18521,4",,,"137","18","26","29.02.2016","СМР550-19-16","A12-38825/2019","8"
"1353","24","1182028","ООО НВЭМ","3443920122","СМР550-18-16","26.02.2016","A12-38825/2019","7","30.06.2020","31.12.2020","18521,4","18521,4",,,"137","19","26","26.02.2016","СМР550-18-16","A12-38825/2019","7"
"1354","24","1182028","ООО НВЭМ","3443920122","СМР550-17-16","29.02.2016","A12-38825/2019","6","30.06.2020","31.12.2020","5447,47","5447,47",,,"137","20","26","29.02.2016","СМР550-17-16","A12-38825/2019","6"
"1355","24","1182028","ООО НВЭМ","3443920122","СМР550-16-16","29.02.2016","A12-38825/2019","5","30.06.2020","31.12.2020","5447,47","5447,47",,,"137","21","26","29.02.2016","СМР550-16-16","A12-38825/2019","5"
"1356","24","1182028","ООО НВЭМ","3443920122","СМР550-15-16","02.03.2016","A12-38825/2019","4","30.06.2020","31.12.2020","5447,47","5447,47",,,"137","22","26","02.03.2016","СМР550-15-16","A12-38825/2019","4"
"1357","24","1182028","ООО НВЭМ","3443920122","СМР550-14-16","26.02.2016","A12-38825/2019","3","30.06.2020","31.12.2020","5447,47","5447,47",,,"137","23","26","26.02.2016","СМР550-14-16","A12-38825/2019","3"
"1358","24","1182028","ООО НВЭМ","3443920122","СМР550-13-16","02.03.2016","A12-38825/2019","2","30.06.2020","31.12.2020","18521,4","18521,4",,,"137","24","26","02.03.2016","СМР550-13-16","A12-38825/2019","2"
"1359","24","1182028","ООО НВЭМ","3443920122","A12-38825/2019","02.03.2016","A12-38825/2019","1","30.06.2020","31.12.2020","25850","25850",,,"137","25","26","02.03.2016","A12-38825/2019","A12-38825/2019","1"
"1360","24","1220552","ООО АКСИОМА-СОФТ КОНСАЛТИНГ","7734693658","ГПИ-21/962/АД","16.01.2023","Претензия",,"17.10.2024","31.12.2020","34524498","34524498","2",,"137","26","26","16.01.2023","ГПИ-21/962/АД","Претензия","NullИлиПусто"
"1361","24","1241705","ООО ВМК","5407963646","32-426/05-18","23.05.2018","А19-16352/2021","5","15.08.2022","15.08.2022","355581,67","355581,67","7",,"137","27","26","23.05.2018","32-426/05-18","А19-16352/2021","5"
"1362","24","1241705","ООО ВМК","5407963646","32-425/05-18","23.05.2018","А19-16343/2021","8","15.08.2022","15.08.2022","186961,48","186961,48","8",,"137","28","26","23.05.2018","32-425/05-18","А19-16343/2021","8"
"1363","24","1241705","ООО ВМК","5407963646","32-425/05-18","23.05.2018","А19-16343/2021","7","15.08.2022","15.08.2022","21811226,52","21811226,52","9",,"137","29","26","23.05.2018","32-425/05-18","А19-16343/2021","7"
"1364","24","1241705","ООО ВМК","5407963646","32-426/05-18","23.05.2018","А19-16352/2021","4","15.08.2022","15.08.2022","41904384,49","41904384,49","10",,"137","30","26","23.05.2018","32-426/05-18","А19-16352/2021","4"
"1365","24","1241705","ООО ВМК","5407963646","32-425/05-18","23.05.2018","А19-16343/2021","6","15.08.2022","15.08.2022","81204874,08","81204874,08","11",,"137","31","26","23.05.2018","32-425/05-18","А19-16343/2021","6"
"1366","24","1241705","ООО ВМК","5407963646","32-426/05-18","23.05.2018","А19-16352/2021","3","15.08.2022","15.08.2022","31686529,6","31686529,6","12",,"137","32","26","23.05.2018","32-426/05-18","А19-16352/2021","3"
"1367","24","1241705","ООО ВМК","5407963646","32-425/05-18","23.05.2018","А19-16343/2021","5","15.08.2022","15.08.2022","413717,39","413717,39","5",,"137","33","26","23.05.2018","32-425/05-18","А19-16343/2021","5"
"1368","24","1241705","ООО ВМК","5407963646","32-425/05-18","23.05.2018","А19-16343/2021","4","15.08.2022","15.08.2022","286438,32","286438,32","6",,"137","34","26","23.05.2018","32-425/05-18","А19-16343/2021","4"
"1369","24","1241705","ООО ВМК","5407963646","32-426/05-18","23.05.2018","А19-16352/2021","2","15.08.2022","15.08.2022","9970,81","9970,81","15",,"137","35","26","23.05.2018","32-426/05-18","А19-16352/2021","2"
"1370","24","1241705","ООО ВМК","5407963646","32-425/05-18","23.05.2018","А19-16343/2021","3","15.08.2022","15.08.2022","9527,42","9527,42","14",,"137","36","26","23.05.2018","32-425/05-18","А19-16343/2021","3"
"1371","24","1241705","ООО ВМК","5407963646","32-425/05-18","23.05.2018","А19-16343/2021","2","13.10.2021","01.04.2023","4351101,82","4351101,82",,,"137","37","26","23.05.2018","32-425/05-18","А19-16343/2021","2"
"1372","24","1241705","ООО ВМК","5407963646","32-426/05-18","23.05.2018","А19-16352/2021","1","13.10.2021","31.01.2022","3995284,6","3995284,6",,,"137","38","26","23.05.2018","32-426/05-18","А19-16352/2021","1"
"1373","24","1317377","ООО РНГС","8904089487","2000812-2020","30.06.2020","А81-763/2023",,"10.06.2024","30.04.2024","13243935,84","13243935,84",,,"137","39","26","30.06.2020","2000812-2020","А81-763/2023","NullИлиПусто"
"1374","24","1555037","МИ ФНС РОССИИ ПО УПРАВЛЕНИЮ ДОЛГОМ","7727406020","Б/Н",,"А46-2081/2024",,"30.09.2024","15.10.2024","52837,7","52837,7",,,"137","40","26","01.01.1900","Б/Н","А46-2081/2024","NullИлиПусто"
"1375","28","1009345","ООО ГАЗПРОМ ИНВЕСТ","7810483334","КС-51","01.10.2014","01-31/04-25",,"31.01.2024","28.12.2025","1797,32","0",,,"136","1","26","01.10.2014","КС-51","01-31/04-25","NullИлиПусто"
"1376","28","1009345","ООО ГАЗПРОМ ИНВЕСТ","7810483334","КС-51","01.10.2014","01-31/05-25",,"31.01.2024","28.12.2025","1797,32","0",,,"136","2","26","01.10.2014","КС-51","01-31/05-25","NullИлиПусто"
"1377","28","1009345","ООО ГАЗПРОМ ИНВЕСТ","7810483334","КС-51","01.10.2014","02-29/01-25",,"29.02.2024","28.12.2025","1015,88","0",,,"136","3","26","01.10.2014","КС-51","02-29/01-25","NullИлиПусто"
"1378","28","1009345","ООО ГАЗПРОМ ИНВЕСТ","7810483334","КС-51","01.10.2014","02-29/02-25",,"29.02.2024","28.12.2025","2813,18","0",,,"136","4","26","01.10.2014","КС-51","02-29/02-25","NullИлиПусто"
"1379","28","1009345","ООО ГАЗПРОМ ИНВЕСТ","7810483334","КС-51","01.10.2014","05-03/05-25",,"25.10.2024","28.02.2025","384192,28","0",,,"136","5","26","01.10.2014","КС-51","05-03/05-25","NullИлиПусто"
"1380","28","1009345","ООО ГАЗПРОМ ИНВЕСТ","7810483334","КС-51","01.10.2014","05-31/403-25",,"31.01.2024","31.01.2025","10","0",,,"136","6","26","01.10.2014","КС-51","05-31/403-25","NullИлиПусто"
"1381","28","1009345","ООО ГАЗПРОМ ИНВЕСТ","7810483334","КС-51","01.10.2014","0620CR000481","2","31.12.2024","31.12.2024","155385,35","0",,,"136","7","26","01.10.2014","КС-51","0620CR000481","2"
"1382","28","1009345","ООО ГАЗПРОМ ИНВЕСТ","7810483334","КС-51","01.10.2014","08-31/447-25",,"31.12.2023","28.12.2025","12509139,76","0",,,"136","8","26","01.10.2014","КС-51","08-31/447-25","NullИлиПусто"
"1383","28","1009345","ООО ГАЗПРОМ ИНВЕСТ","7810483334","КС-51","01.10.2014","08-31/459-25",,"31.12.2023","28.12.2025","421674,52","0",,,"136","9","26","01.10.2014","КС-51","08-31/459-25","NullИлиПусто"
"1384","28","1009345","ООО ГАЗПРОМ ИНВЕСТ","7810483334","КС-51","01.10.2014","12-31/474-25",,"30.04.2024","31.01.2025","1436238,39","0",,,"136","10","26","01.10.2014","КС-51","12-31/474-25","NullИлиПусто"
"1385","28","1009345","ООО ГАЗПРОМ ИНВЕСТ","7810483334","КС-51","01.10.2014","21 DR 035",,"31.01.2023","31.12.2024","18955998,33","0",,,"136","11","26","01.10.2014","КС-51","21 DR 035","NullИлиПусто"
"1386","28","1009345","ООО ГАЗПРОМ ИНВЕСТ","7810483334","КС-51","01.10.2014","21CR0333",,"01.04.2022","28.01.2025","659735,51","0",,,"136","12","26","01.10.2014","КС-51","21CR0333","NullИлиПусто"
"1387","28","1009345","ООО ГАЗПРОМ ИНВЕСТ","7810483334","КС-51","01.10.2014","22CR0073",,"01.04.2022","28.01.2025","12819816,09","0",,,"136","13","26","01.10.2014","КС-51","22CR0073","NullИлиПусто"
"1388","28","1009345","ООО ГАЗПРОМ ИНВЕСТ","7810483334","КС-51","01.10.2014","23CR0149",,"27.04.2023","28.02.2025","883446,16","0",,,"136","14","26","01.10.2014","КС-51","23CR0149","NullИлиПусто"
"1389","28","1009345","ООО ГАЗПРОМ ИНВЕСТ","7810483334","КС-51","01.10.2014","23CR0484",,"03.11.2023","31.12.2024","42814,77","0",,,"136","15","26","01.10.2014","КС-51","23CR0484","NullИлиПусто"
"1390","28","1009345","ООО ГАЗПРОМ ИНВЕСТ","7810483334","КС-51","01.10.2014","2923 DR 0006",,"15.07.2023","31.12.2024","15249,64","0",,,"136","16","26","01.10.2014","КС-51","2923 DR 0006","NullИлиПусто"
"1391","29","34","ООО ГАЗПРОМ ТРАНСГАЗ ЕКАТЕРИНБУРГ","6608007434","27/0342/23","24.01.2024","138810",,"06.12.2024","31.01.2025","17150827,72","0","767502",,"138","1","26","24.01.2024","27/0342/23","138810","NullИлиПусто"
"1392","29","34","ООО ГАЗПРОМ ТРАНСГАЗ ЕКАТЕРИНБУРГ","6608007434","27/0342/23","24.01.2024","138961",,"06.12.2024","31.01.2025","6021364,78","0","767502",,"138","2","26","24.01.2024","27/0342/23","138961","NullИлиПусто"
"1393","29","34","ООО ГАЗПРОМ ТРАНСГАЗ ЕКАТЕРИНБУРГ","6608007434","27/0342/23","24.01.2024","139041",,"06.12.2024","31.01.2025","6021364,76","0","767502",,"138","3","26","24.01.2024","27/0342/23","139041","NullИлиПусто"
"1394","29","34","ООО ГАЗПРОМ ТРАНСГАЗ ЕКАТЕРИНБУРГ","6608007434","27/0342/23","24.01.2024","21753",,"15.02.2024","31.01.2025","8455,04","0","767502",,"138","4","26","24.01.2024","27/0342/23","21753","NullИлиПусто"
"1395","29","34","ООО ГАЗПРОМ ТРАНСГАЗ ЕКАТЕРИНБУРГ","6608007434","27/0342/23","24.01.2024","31569",,"11.03.2024","31.01.2025","58909366,89","0","767502",,"138","5","26","24.01.2024","27/0342/23","31569","NullИлиПусто"
"1396","29","34","ООО ГАЗПРОМ ТРАНСГАЗ ЕКАТЕРИНБУРГ","6608007434","27/0342/23","24.01.2024","31570",,"11.03.2024","31.01.2025","25238416,49","0","767502",,"138","6","26","24.01.2024","27/0342/23","31570","NullИлиПусто"
"1397","29","55","ООО ГАЗПРОМ ПЕРСОНАЛ","7728794168","Б/Н ОТ 30.01.2013","30.01.2013","11819",,"07.02.2024","16.10.2025","1725989,22","0",,,"138","7","26","30.01.2013","Б/Н ОТ 30.01.2013","11819","NullИлиПусто"
"1398","29","55","ООО ГАЗПРОМ ПЕРСОНАЛ","7728794168","Б/Н ОТ 30.01.2013","30.01.2013","31272",,"30.05.2023","30.06.2024","1790953,77","1790953,77",,,"138","8","26","30.01.2013","Б/Н ОТ 30.01.2013","31272","NullИлиПусто"
"1399","29","55","ООО ГАЗПРОМ ПЕРСОНАЛ","7728794168","Б/Н ОТ 30.01.2013","30.01.2013","31273",,"30.05.2023","30.11.2025","1790953,77","0",,,"138","9","26","30.01.2013","Б/Н ОТ 30.01.2013","31273","NullИлиПусто"
"1400","29","55","ООО ГАЗПРОМ ПЕРСОНАЛ","7728794168","Б/Н ОТ 30.01.2013","30.01.2013","31274",,"30.05.2023","31.08.2025","512700,45","0",,,"138","10","26","30.01.2013","Б/Н ОТ 30.01.2013","31274","NullИлиПусто"
"1401","29","55","ООО ГАЗПРОМ ПЕРСОНАЛ","7728794168","Б/Н ОТ 30.01.2013","30.01.2013","31275",,"30.05.2023","31.12.2025","1538101,34","0",,,"138","11","26","30.01.2013","Б/Н ОТ 30.01.2013","31275","NullИлиПусто"
"1402","29","55","ООО ГАЗПРОМ ПЕРСОНАЛ","7728794168","Б/Н ОТ 30.01.2013","30.01.2013","31276",,"30.05.2023","31.12.2023","1538101,34","1538101,34",,,"138","12","26","30.01.2013","Б/Н ОТ 30.01.2013","31276","NullИлиПусто"
"1403","29","55","ООО ГАЗПРОМ ПЕРСОНАЛ","7728794168","Б/Н ОТ 30.01.2013","30.01.2013","46864",,"28.05.2024","14.04.2027","611956,55","0",,,"138","13","26","30.01.2013","Б/Н ОТ 30.01.2013","46864","NullИлиПусто"
"1404","29","55","ООО ГАЗПРОМ ПЕРСОНАЛ","7728794168","Б/Н ОТ 30.01.2013","30.01.2013","46865",,"28.05.2024","30.11.2025","917934,84","0",,,"138","14","26","30.01.2013","Б/Н ОТ 30.01.2013","46865","NullИлиПусто"
"1405","29","55","ООО ГАЗПРОМ ПЕРСОНАЛ","7728794168","Б/Н ОТ 30.01.2013","30.01.2013","46866",,"28.05.2024","14.04.2027","917934,84","0",,,"138","15","26","30.01.2013","Б/Н ОТ 30.01.2013","46866","NullИлиПусто"
"1406","29","55","ООО ГАЗПРОМ ПЕРСОНАЛ","7728794168","Б/Н ОТ 30.01.2013","30.01.2013","46867",,"28.05.2024","14.04.2027","917934,84","0",,,"138","16","26","30.01.2013","Б/Н ОТ 30.01.2013","46867","NullИлиПусто"
"1407","29","55","ООО ГАЗПРОМ ПЕРСОНАЛ","7728794168","Б/Н ОТ 30.01.2013","30.01.2013","46868",,"28.05.2024","14.04.2027","917934,84","0",,,"138","17","26","30.01.2013","Б/Н ОТ 30.01.2013","46868","NullИлиПусто"
"1408","29","55","ООО ГАЗПРОМ ПЕРСОНАЛ","7728794168","Б/Н ОТ 30.01.2013","30.01.2013","46869",,"28.05.2024","14.04.2027","2304625,16","0",,,"138","18","26","30.01.2013","Б/Н ОТ 30.01.2013","46869","NullИлиПусто"
"1409","29","55","ООО ГАЗПРОМ ПЕРСОНАЛ","7728794168","Б/Н ОТ 30.01.2013","30.01.2013","46870",,"28.05.2024","30.11.2026","2304625,16","0",,,"138","19","26","30.01.2013","Б/Н ОТ 30.01.2013","46870","NullИлиПусто"
"1410","29","55","ООО ГАЗПРОМ ПЕРСОНАЛ","7728794168","Б/Н ОТ 30.01.2013","30.01.2013","46871",,"28.05.2024","14.04.2027","1536416,77","0",,,"138","20","26","30.01.2013","Б/Н ОТ 30.01.2013","46871","NullИлиПусто"
"1411","29","55","ООО ГАЗПРОМ ПЕРСОНАЛ","7728794168","Б/Н ОТ 30.01.2013","30.01.2013","77656",,"16.12.2022","31.12.2024","4282218,84","0",,,"138","21","26","30.01.2013","Б/Н ОТ 30.01.2013","77656","NullИлиПусто"
"1412","29","55","ООО ГАЗПРОМ ПЕРСОНАЛ","7728794168","Б/Н ОТ 30.01.2013","30.01.2013","77657",,"16.12.2022","11.12.2025","757361,43","0",,,"138","22","26","30.01.2013","Б/Н ОТ 30.01.2013","77657","NullИлиПусто"
"1413","29","55","ООО ГАЗПРОМ ПЕРСОНАЛ","7728794168","Б/Н ОТ 30.01.2013","30.01.2013","77658",,"16.12.2022","11.12.2025","757361,43","0",,,"138","23","26","30.01.2013","Б/Н ОТ 30.01.2013","77658","NullИлиПусто"
"1414","29","55","ООО ГАЗПРОМ ПЕРСОНАЛ","7728794168","Б/Н ОТ 30.01.2013","30.01.2013","77659",,"16.12.2022","11.12.2025","757361,43","0",,,"138","24","26","30.01.2013","Б/Н ОТ 30.01.2013","77659","NullИлиПусто"
"1415","29","55","ООО ГАЗПРОМ ПЕРСОНАЛ","7728794168","Б/Н ОТ 30.01.2013","30.01.2013","77660",,"16.12.2022","11.12.2025","757361,43","0",,,"138","25","26","30.01.2013","Б/Н ОТ 30.01.2013","77660","NullИлиПусто"
"1416","29","55","ООО ГАЗПРОМ ПЕРСОНАЛ","7728794168","Б/Н ОТ 30.01.2013","30.01.2013","77661",,"16.12.2022","11.12.2025","577037,27","0",,,"138","26","26","30.01.2013","Б/Н ОТ 30.01.2013","77661","NullИлиПусто"
"1417","29","55","ООО ГАЗПРОМ ПЕРСОНАЛ","7728794168","Б/Н ОТ 30.01.2013","30.01.2013","77663",,"16.12.2022","31.12.2024","1452651,19","0",,,"138","27","26","30.01.2013","Б/Н ОТ 30.01.2013","77663","NullИлиПусто"
"1418","29","55","ООО ГАЗПРОМ ПЕРСОНАЛ","7728794168","Б/Н ОТ 30.01.2013","30.01.2013","77664",,"16.12.2022","31.10.2024","591820,86","591820,86",,,"138","28","26","30.01.2013","Б/Н ОТ 30.01.2013","77664","NullИлиПусто"
"1419","29","55","ООО ГАЗПРОМ ПЕРСОНАЛ","7728794168","Б/Н ОТ 30.01.2013","30.01.2013","77665",,"16.12.2022","31.10.2024","591820,86","591820,86",,,"138","29","26","30.01.2013","Б/Н ОТ 30.01.2013","77665","NullИлиПусто"
"1420","29","55","ООО ГАЗПРОМ ПЕРСОНАЛ","7728794168","Б/Н ОТ 30.01.2013","30.01.2013","77666",,"16.12.2022","31.10.2024","591820,86","591820,86",,,"138","30","26","30.01.2013","Б/Н ОТ 30.01.2013","77666","NullИлиПусто"
"1421","29","55","ООО ГАЗПРОМ ПЕРСОНАЛ","7728794168","Б/Н ОТ 30.01.2013","30.01.2013","79518",,"11.09.2024","04.08.2027","1154888,29","0",,,"138","31","26","30.01.2013","Б/Н ОТ 30.01.2013","79518","NullИлиПусто"
"1422","29","55","ООО ГАЗПРОМ ПЕРСОНАЛ","7728794168","Б/Н ОТ 30.01.2013","30.01.2013","79519",,"11.09.2024","04.08.2027","4146578,31","0",,,"138","32","26","30.01.2013","Б/Н ОТ 30.01.2013","79519","NullИлиПусто"
"1423","29","55","ООО ГАЗПРОМ ПЕРСОНАЛ","7728794168","Б/Н ОТ 30.01.2013","30.01.2013","79520",,"11.09.2024","04.08.2027","1382192,77","0",,,"138","33","26","30.01.2013","Б/Н ОТ 30.01.2013","79520","NullИлиПусто"
"1424","29","55","ООО ГАЗПРОМ ПЕРСОНАЛ","7728794168","Б/Н ОТ 30.01.2013","30.01.2013","79521",,"11.09.2024","04.08.2027","3464664,87","0",,,"138","34","26","30.01.2013","Б/Н ОТ 30.01.2013","79521","NullИлиПусто"
"1425","29","55","ООО ГАЗПРОМ ПЕРСОНАЛ","7728794168","Б/Н ОТ 30.01.2013","30.01.2013","9988",,"31.01.2024","31.12.2026","862994,61","0",,,"138","35","26","30.01.2013","Б/Н ОТ 30.01.2013","9988","NullИлиПусто"
"1426","29","55","ООО ГАЗПРОМ ПЕРСОНАЛ","7728794168","Б/Н ОТ 30.01.2013","30.01.2013","9989",,"31.01.2024","31.10.2024","862994,61","862994,61",,,"138","36","26","30.01.2013","Б/Н ОТ 30.01.2013","9989","NullИлиПусто"
"1427","29","55","ООО ГАЗПРОМ ПЕРСОНАЛ","7728794168","Б/Н ОТ 30.01.2013","30.01.2013","9990",,"31.01.2024","30.09.2024","862994,61","862994,61",,,"138","37","26","30.01.2013","Б/Н ОТ 30.01.2013","9990","NullИлиПусто"
"1428","29","55","ООО ГАЗПРОМ ПЕРСОНАЛ","7728794168","Б/Н ОТ 30.01.2013","30.01.2013","9991",,"31.01.2024","31.12.2026","2588983,83","0",,,"138","38","26","30.01.2013","Б/Н ОТ 30.01.2013","9991","NullИлиПусто"
"1429","29","55","ООО ГАЗПРОМ ПЕРСОНАЛ","7728794168","Б/Н ОТ 30.01.2013","30.01.2013","9992",,"31.01.2024","30.11.2026","1725989,22","0",,,"138","39","26","30.01.2013","Б/Н ОТ 30.01.2013","9992","NullИлиПусто"
"1430","29","1000150","ООО ГАЗПРОМ СОЦИНВЕСТ","7736077414","КС-45","03.08.2015","1587",,"17.11.2021","31.12.2024","60000","0","21СЧФ191101",,"138","40","26","03.08.2015","КС-45","1587","NullИлиПусто"
"1431","29","1000375","ООО ГАЗПРОМ ЭНЕРГО","7736186950","00-13-01/230/22-Д","02.11.2022","123052",,"06.11.2024","31.12.2025","3226366429,25","0",,,"138","41","26","02.11.2022","00-13-01/230/22-Д","123052","NullИлиПусто"
"1432","29","1000375","ООО ГАЗПРОМ ЭНЕРГО","7736186950","00-13-01/230/22-Д","02.11.2022","123053",,"06.11.2024","31.12.2025","1070172,74","0",,,"138","42","26","02.11.2022","00-13-01/230/22-Д","123053","NullИлиПусто"
"1433","29","1000375","ООО ГАЗПРОМ ЭНЕРГО","7736186950","БН","22.08.2024","124433",,"07.11.2024","31.12.2024","304796,74","0","767502",,"138","43","26","22.08.2024","БН","124433","NullИлиПусто"
"1434","29","1000375","ООО ГАЗПРОМ ЭНЕРГО","7736186950","БН","22.08.2024","124434",,"07.11.2024","31.12.2024","232567,36","0","767502",,"138","44","26","22.08.2024","БН","124434","NullИлиПусто"
"1435","29","1000375","ООО ГАЗПРОМ ЭНЕРГО","7736186950","52-4/230/14-Д(БС)/ГЦ","01.10.2014","22288",,"17.06.2015","31.12.2024","240","0",,,"138","45","26","01.10.2014","52-4/230/14-Д(БС)/ГЦ","22288","NullИлиПусто"
"1436","29","1000375","ООО ГАЗПРОМ ЭНЕРГО","7736186950","00-13-01/230/22-Д","02.11.2022","34761",,"18.03.2024","31.12.2025","1070172,74","0","1007/АВ00006",,"138","46","26","02.11.2022","00-13-01/230/22-Д","34761","NullИлиПусто"
"1437","29","1000375","ООО ГАЗПРОМ ЭНЕРГО","7736186950","00-13-01/230/22-Д","02.11.2022","34857",,"19.03.2024","31.12.2025","95217440,39","0","1007/АВ00005",,"138","47","26","02.11.2022","00-13-01/230/22-Д","34857","NullИлиПусто"
"1438","29","1000375","ООО ГАЗПРОМ ЭНЕРГО","7736186950","00-13-01/230/22-Д","02.11.2022","53253",,"17.05.2024","31.12.2025","800698754,93","0","1007/АВ00010",,"138","48","26","02.11.2022","00-13-01/230/22-Д","53253","NullИлиПусто"
"1439","29","1000375","ООО ГАЗПРОМ ЭНЕРГО","7736186950","61-01-03/43/23-Д","07.08.2023","97170",,"15.08.2023","31.07.2025","4182143","0",,,"138","49","26","07.08.2023","61-01-03/43/23-Д","97170","NullИлиПусто"
"1440","29","1002885","ПАО СУРГУТНЕФТЕГАЗ","8602060555","903               01","08.02.2016","11094",,"17.07.2017","31.12.2024","3629,45","0","ДДЗ",,"138","50","26","08.02.2016","903               01","11094","NullИлиПусто"
"1441","29","1009345","ООО ГАЗПРОМ ИНВЕСТ","7810483334","КС-51","01.10.2014","131099",,"01.11.2023","31.12.2024","12000","0",,,"138","51","26","01.10.2014","КС-51","131099","NullИлиПусто"
"1442","29","1009345","ООО ГАЗПРОМ ИНВЕСТ","7810483334","КС-51","01.10.2014","140125",,"11.12.2024","31.12.2024","2669519,24","0",,,"138","52","26","01.10.2014","КС-51","140125","NullИлиПусто"
"1443","29","1009345","ООО ГАЗПРОМ ИНВЕСТ","7810483334","КС-51","01.10.2014","60968",,"16.05.2023","31.12.2024","10164570","0","05-19/06",,"138","53","26","01.10.2014","КС-51","60968","NullИлиПусто"
"1444","29","1011438","ПАО РОССЕТИ МОСКОВСКИЙ РЕГИОН","5036065113","1560598","10.02.2023","27401",,"16.02.2023","28.02.2025","54938,14","0",,,"138","54","26","10.02.2023","1560598","27401","NullИлиПусто"
"1445","29","1011438","ПАО РОССЕТИ МОСКОВСКИЙ РЕГИОН","5036065113","ТП-1566340","06.03.2023","32824",,"02.03.2023","28.02.2025","864470,75","0",,,"138","55","26","06.03.2023","ТП-1566340","32824","NullИлиПусто"
"1446","29","1011438","ПАО РОССЕТИ МОСКОВСКИЙ РЕГИОН","5036065113","1648132","11.05.2023","59817",,"11.05.2023","30.04.2025","38845,94","0","10003362А/29",,"138","56","26","11.05.2023","1648132","59817","NullИлиПусто"
"1447","29","1014623","ФГУП ГРЧЦ","7706228218","ЭД-24-00408","17.04.2024","126402",,"15.11.2024","31.12.2024","6070","0","1770-А039821",,"138","57","26","17.04.2024","ЭД-24-00408","126402","NullИлиПусто"
"1448","29","1014623","ФГУП ГРЧЦ","7706228218","ЭД-24-00408","17.04.2024","137702",,"04.12.2024","31.01.2025","182305","0",,,"138","58","26","17.04.2024","ЭД-24-00408","137702","NullИлиПусто"
"1449","29","1014623","ФГУП ГРЧЦ","7706228218","ЭД-24-00408","17.04.2024","138147",,"04.12.2024","31.12.2024","61855","0","767502",,"138","59","26","17.04.2024","ЭД-24-00408","138147","NullИлиПусто"
"1450","29","1014623","ФГУП ГРЧЦ","7706228218","ЭД-24-00408","17.04.2024","143565",,"17.12.2024","31.01.2025","182305","0","1770-А043704",,"138","60","26","17.04.2024","ЭД-24-00408","143565","NullИлиПусто"
"1451","29","1014625"," ФИЛИАЛ ПАО ""РОССЕТИ ВОЛГА"" - ""ОРЕНБУРГЭНЕРГО""","6450925977","00-18-03/454/23-З(АД","22.01.2024","5519",,"15.02.2024","31.12.2024","1016954,56","0","5519 от 15.02.2024",,"138","61","26","22.01.2024","00-18-03/454/23-З(АД","5519","NullИлиПусто"
"1452","29","1015195"," ФАУ ""ГЛАВГОСЭКСПЕРТИЗА РОССИИ""","7707082071","4645Д-24/ГГЭ-49778/1","10.09.2024","100741",,"13.09.2024","31.12.2024","6583848,42","0",,,"138","62","26","10.09.2024","4645Д-24/ГГЭ-49778/1","100741","NullИлиПусто"
"1453","29","1015195"," ФАУ ""ГЛАВГОСЭКСПЕРТИЗА РОССИИ""","7707082071","4570Д-24/ГГЭ-49819/1","10.09.2024","100742",,"13.09.2024","31.12.2024","5142018,34","0",,,"138","63","26","10.09.2024","4570Д-24/ГГЭ-49819/1","100742","NullИлиПусто"
"1454","29","1015195"," ФАУ ""ГЛАВГОСЭКСПЕРТИЗА РОССИИ""","7707082071","4347Д-24/ГГЭ-29051/1","10.09.2024","104850",,"23.09.2024","31.12.2024","2620683,31","0",,,"138","64","26","10.09.2024","4347Д-24/ГГЭ-29051/1","104850","NullИлиПусто"
"1455","29","1015195"," ФАУ ""ГЛАВГОСЭКСПЕРТИЗА РОССИИ""","7707082071","4699Д-24/ГГЭ-49920/1","18.09.2024","106172",,"26.09.2024","31.12.2024","3770632,89","0","20240927-060",,"138","65","26","18.09.2024","4699Д-24/ГГЭ-49920/1","106172","NullИлиПусто"
"1456","29","1015195"," ФАУ ""ГЛАВГОСЭКСПЕРТИЗА РОССИИ""","7707082071","4891Д-24/ГГЭ-50153/1","30.09.2024","107899",,"04.10.2024","31.12.2024","7027960,32","0","20241007-072",,"138","66","26","30.09.2024","4891Д-24/ГГЭ-50153/1","107899","NullИлиПусто"
"1457","29","1015195"," ФАУ ""ГЛАВГОСЭКСПЕРТИЗА РОССИИ""","7707082071","4932Д-24/ГГЭ-50127/1","30.09.2024","107900",,"04.10.2024","31.12.2024","3690682,23","0","20241007-070",,"138","67","26","30.09.2024","4932Д-24/ГГЭ-50127/1","107900","NullИлиПусто"
"1458","29","1015195"," ФАУ ""ГЛАВГОСЭКСПЕРТИЗА РОССИИ""","7707082071","5170Д-24/ГГЭ-50022/1","07.10.2024","111409",,"14.10.2024","31.12.2024","3439311,2","0","20241016-054",,"138","68","26","07.10.2024","5170Д-24/ГГЭ-50022/1","111409","NullИлиПусто"
"1459","29","1015195"," ФАУ ""ГЛАВГОСЭКСПЕРТИЗА РОССИИ""","7707082071","5188Д-24/ГГЭ-50030/1","15.10.2024","115707",,"22.10.2024","20.01.2025","7922575,22","0",,,"138","69","26","15.10.2024","5188Д-24/ГГЭ-50030/1","115707","NullИлиПусто"
"1460","29","1015195"," ФАУ ""ГЛАВГОСЭКСПЕРТИЗА РОССИИ""","7707082071","5515Д-24/ГГЭ-07440/1","21.10.2024","119038",,"29.10.2024","20.10.2025","3262640,33","0","20241031-084",,"138","70","26","21.10.2024","5515Д-24/ГГЭ-07440/1","119038","NullИлиПусто"
"1461","29","1015195"," ФАУ ""ГЛАВГОСЭКСПЕРТИЗА РОССИИ""","7707082071","5576Д-24/ГГЭ-50371/1","25.10.2024","121282",,"01.11.2024","31.01.2025","3430186,83","0","20241105-021",,"138","71","26","25.10.2024","5576Д-24/ГГЭ-50371/1","121282","NullИлиПусто"
"1462","29","1015195"," ФАУ ""ГЛАВГОСЭКСПЕРТИЗА РОССИИ""","7707082071","3335Д-24/ГГЭ-32708/1","22.07.2024","122822",,"05.11.2024","24.01.2025","2833503,52","0",,,"138","72","26","22.07.2024","3335Д-24/ГГЭ-32708/1","122822","NullИлиПусто"
"1463","29","1015195"," ФАУ ""ГЛАВГОСЭКСПЕРТИЗА РОССИИ""","7707082071","5671Д-24/ГГЭ-50555/1","06.11.2024","125628",,"13.11.2024","31.03.2025","2593097,07","0","20241115-061",,"138","73","26","06.11.2024","5671Д-24/ГГЭ-50555/1","125628","NullИлиПусто"
"1464","29","1015195"," ФАУ ""ГЛАВГОСЭКСПЕРТИЗА РОССИИ""","7707082071","5755Д-24/ГГЭ-50322/1","07.11.2024","125629",,"13.11.2024","31.05.2025","7066583,47","0","20241115-003",,"138","74","26","07.11.2024","5755Д-24/ГГЭ-50322/1","125629","NullИлиПусто"
"1465","29","1015195"," ФАУ ""ГЛАВГОСЭКСПЕРТИЗА РОССИИ""","7707082071","6791Д-24/ГГЭ-50965/1","18.12.2024","147459",,"26.12.2024","31.12.2025","3436434,46","0","767502",,"138","75","26","18.12.2024","6791Д-24/ГГЭ-50965/1","147459","NullИлиПусто"
"1466","29","1015195"," ФАУ ""ГЛАВГОСЭКСПЕРТИЗА РОССИИ""","7707082071","0953Д-24/ГГЭ-46630/1","26.04.2024","50755",,"08.05.2024","31.05.2025","957569,83","0",,,"138","76","26","26.04.2024","0953Д-24/ГГЭ-46630/1","50755","NullИлиПусто"
"1467","29","1015195"," ФАУ ""ГЛАВГОСЭКСПЕРТИЗА РОССИИ""","7707082071","4086Д-23/ГГЭ-21442/1","16.06.2023","69921",,"08.07.2024","30.06.2025","4685144,26","0",,,"138","77","26","16.06.2023","4086Д-23/ГГЭ-21442/1","69921","NullИлиПусто"
"1468","29","1015195"," ФАУ ""ГЛАВГОСЭКСПЕРТИЗА РОССИИ""","7707082071","3379Д-24/ГГЭ-15520/1","29.07.2024","88987",,"14.08.2024","31.12.2024","1104876,23","0",,,"138","78","26","29.07.2024","3379Д-24/ГГЭ-15520/1","88987","NullИлиПусто"
"1469","29","1015195"," ФАУ ""ГЛАВГОСЭКСПЕРТИЗА РОССИИ""","7707082071","3969Д-24/ГГЭ-49249/1","22.08.2024","94855",,"30.08.2024","31.12.2024","3866256,64","0","20240902-051",,"138","79","26","22.08.2024","3969Д-24/ГГЭ-49249/1","94855","NullИлиПусто"
"1470","29","1015195"," ФАУ ""ГЛАВГОСЭКСПЕРТИЗА РОССИИ""","7707082071","3911Д-24/ГГЭ-34362/1","28.08.2024","95451",,"03.09.2024","31.12.2024","2855151,8","0",,,"138","80","26","28.08.2024","3911Д-24/ГГЭ-34362/1","95451","NullИлиПусто"
"1471","29","1015195"," ФАУ ""ГЛАВГОСЭКСПЕРТИЗА РОССИИ""","7707082071","3335Д-24/ГГЭ-32708/1","22.07.2024","98285",,"11.09.2024","31.12.2024","2232243,52","0",,,"138","81","26","22.07.2024","3335Д-24/ГГЭ-32708/1","98285","NullИлиПусто"
"1472","29","1015195"," ФАУ ""ГЛАВГОСЭКСПЕРТИЗА РОССИИ""","7707082071","4332Д-24/ГГЭ-34883/1","09.09.2024","99486",,"11.09.2024","31.12.2024","1494358,42","0",,,"138","82","26","09.09.2024","4332Д-24/ГГЭ-34883/1","99486","NullИлиПусто"
"1473","29","1015614","ОАО РЖД","7708503727","20802-10-19/ОКТ","24.03.2020","33226",,"15.09.2020","30.06.2025","458,33","0",,,"138","83","26","24.03.2020","20802-10-19/ОКТ","33226","NullИлиПусто"
"1474","29","1016052","ПАО РОССЕТИ КУБАНЬ","2309001660","587/ТП-М5","12.04.2018","051-1005292",,"20.03.2020","15.02.2026","22755268,8","0",,,"138","84","26","12.04.2018","587/ТП-М5","051-1005292","NullИлиПусто"
"1475","29","1016052","ПАО РОССЕТИ КУБАНЬ","2309001660","164489","07.10.2022","100231",,"18.10.2022","30.11.2024","12522,51","12522,51",,,"138","85","26","07.10.2022","164489","100231","NullИлиПусто"
"1476","29","1016052","ПАО РОССЕТИ КУБАНЬ","2309001660","164927",,"100908",,"18.10.2022","31.12.2025","207767,51","0",,,"138","86","26","01.01.1900","164927","100908","NullИлиПусто"
"1477","29","1016052","ПАО РОССЕТИ КУБАНЬ","2309001660","41104-24-00884490-1","30.08.2024","99324",,"10.09.2024","31.12.2024","164752,8","0",,,"138","87","26","30.08.2024","41104-24-00884490-1","99324","NullИлиПусто"
"1478","29","1028859","ООО ПЕТЕРБУРГГАЗ","7838017541","ТП6С-648-3-2022","12.05.2022","45428",,"03.04.2023","11.05.2025","595719,71","0","А00000016836",,"138","88","26","12.05.2022","ТП6С-648-3-2022","45428","NullИлиПусто"
"1479","29","1028859","ООО ПЕТЕРБУРГГАЗ","7838017541","ТП6С-648-3-2022","12.05.2022","49786",,"07.05.2024","15.12.2025","1632619,11","0","А00000884634",,"138","89","26","12.05.2022","ТП6С-648-3-2022","49786","NullИлиПусто"
"1480","29","1028859","ООО ПЕТЕРБУРГГАЗ","7838017541","ТП6С-648-3-2022","12.05.2022","54416",,"07.06.2022","31.12.2025","496433,09","0","А00000022850",,"138","90","26","12.05.2022","ТП6С-648-3-2022","54416","NullИлиПусто"
"1481","29","1028859","ООО ПЕТЕРБУРГГАЗ","7838017541","ТП6С-648-3-2022","12.05.2022","75817",,"10.08.2022","31.12.2025","496433,09","0","А00000028137",,"138","91","26","12.05.2022","ТП6С-648-3-2022","75817","NullИлиПусто"
"1482","29","1031987"," ЗАО""АГЕНТСТВО ШУШАРЫ""","7820016970","1559/2023","10.11.2023","90621",,"20.11.2023","10.05.2025","2500000","0","10571 20.11.23",,"138","92","26","10.11.2023","1559/2023","90621","NullИлиПусто"
"1483","29","1052783","АО ДРСК","2801108200","310/28/0551/24","05.11.2024","148936",,"25.12.2024","31.12.2025","22175371,22","0",,,"138","93","26","05.11.2024","310/28/0551/24","148936","NullИлиПусто"
"1484","29","1055281","АО Коми энергосбытовая компания","1101301856","226068","27.04.2023","21486",,"09.02.2024","31.12.2024","7635,8","0","240000001408",,"138","94","26","27.04.2023","226068","21486","NullИлиПусто"
"1485","29","1055281","АО Коми энергосбытовая компания","1101301856","226068","27.04.2023","80367",,"29.07.2024","31.12.2024","24653,3","0","68027",,"138","95","26","27.04.2023","226068","80367","NullИлиПусто"
"1486","29","1055281","АО Коми энергосбытовая компания","1101301856","410106","04.05.2023","83077",,"31.07.2024","31.12.2024","122417,06","0","83077",,"138","96","26","04.05.2023","410106","83077","NullИлиПусто"
"1487","29","1055281","АО Коми энергосбытовая компания","1101301856","810101","03.05.2023","83364",,"31.07.2024","31.12.2024","132941,73","0","83364",,"138","97","26","03.05.2023","810101","83364","NullИлиПусто"
"1488","29","1057325","ПАО РОССЕТИ ЦЕНТР И ПРИВОЛЖЬЕ","5260200603","711113884/ЯРЭС","28.02.2024","27185",,"27.02.2024","31.12.2024","659168,13","0",,,"138","98","26","28.02.2024","711113884/ЯРЭС","27185","NullИлиПусто"
"1489","29","1057325","ПАО РОССЕТИ ЦЕНТР И ПРИВОЛЖЬЕ","5260200603","711113892/ЯРЭС","28.02.2024","27186",,"27.02.2024","31.12.2024","2035425,25","0",,,"138","99","26","28.02.2024","711113892/ЯРЭС","27186","NullИлиПусто"
"1490","29","1057325","ПАО РОССЕТИ ЦЕНТР И ПРИВОЛЖЬЕ","5260200603","711113889/ЯРЭС","28.02.2024","27187",,"27.02.2024","31.12.2024","1049727,58","0",,,"138","100","26","28.02.2024","711113889/ЯРЭС","27187","NullИлиПусто"
"1491","29","1057325","ПАО РОССЕТИ ЦЕНТР И ПРИВОЛЖЬЕ","5260200603","711114584/АРЭС","18.03.2024","30716",,"07.03.2024","31.12.2024","57057,56","0",,,"138","101","26","18.03.2024","711114584/АРЭС","30716","NullИлиПусто"
"1492","29","1057325","ПАО РОССЕТИ ЦЕНТР И ПРИВОЛЖЬЕ","5260200603","711088068/УТП","04.08.2022","74524",,"10.08.2022","31.12.2026","81299,82","0",,,"138","102","26","04.08.2022","711088068/УТП","74524","NullИлиПусто"
"1493","29","1057325","ПАО РОССЕТИ ЦЕНТР И ПРИВОЛЖЬЕ","5260200603","711088068/УТП","04.08.2022","74525",,"10.08.2022","31.12.2026","142274,67","0",,,"138","103","26","04.08.2022","711088068/УТП","74525","NullИлиПусто"
"1494","29","1057325","ПАО РОССЕТИ ЦЕНТР И ПРИВОЛЖЬЕ","5260200603","711088068/УТП","04.08.2022","74526",,"10.08.2022","31.12.2026","121949,72","0",,,"138","104","26","04.08.2022","711088068/УТП","74526","NullИлиПусто"
"1495","29","1057325","ПАО РОССЕТИ ЦЕНТР И ПРИВОЛЖЬЕ","5260200603","711088068/УТП","04.08.2022","74527",,"10.08.2022","31.12.2026","60974,86","0",,,"138","105","26","04.08.2022","711088068/УТП","74527","NullИлиПусто"
"1496","29","1058722"," ФИЛИАЛ ПАО ""РОССЕТИ КУБАНЬ"" КРАСНОДАРСКИЕ ЭЛЕКТРИЧЕСКИЕ СЕТИ","2309001660","41104-24-00884490-1","15.05.2024","111361",,"18.09.2023","15.05.2026","730996,15","0","4/000017664",,"138","106","26","15.05.2024","41104-24-00884490-1","111361","NullИлиПусто"
"1497","29","1058862","ПАО РОССЕТИ СЕВЕРО-ЗАПАД","7802312751","КОМ-00251-Э-Ю/24-001","16.02.2024","37181",,"26.03.2024","31.12.2025","973612,39","0",,,"138","107","26","16.02.2024","КОМ-00251-Э-Ю/24-001","37181","NullИлиПусто"
"1498","29","1058862","ПАО РОССЕТИ СЕВЕРО-ЗАПАД","7802312751","КОМ-05506-Э-Ю/22","20.01.2023","5174",,"20.01.2023","15.02.2025","413630,79","0","55-0000000000002",,"138","108","26","20.01.2023","КОМ-05506-Э-Ю/22","5174","NullИлиПусто"
"1499","29","1058862","ПАО РОССЕТИ СЕВЕРО-ЗАПАД","7802312751","КОМ-05454-Э-Ю/22","20.01.2023","5492",,"20.01.2023","30.06.2025","419859,15","0","55-0000000000002",,"138","109","26","20.01.2023","КОМ-05454-Э-Ю/22","5492","NullИлиПусто"
"1500","29","1058862","ПАО РОССЕТИ СЕВЕРО-ЗАПАД","7802312751","КОМ-05447-Э-Ю/22","20.01.2023","6684",,"20.01.2023","30.06.2025","599027,71","0","55-0000000000002",,"138","110","26","20.01.2023","КОМ-05447-Э-Ю/22","6684","NullИлиПусто"
"1501","29","1058862","ПАО РОССЕТИ СЕВЕРО-ЗАПАД","7802312751","56-00211В/21","23.11.2022","7118",,"23.01.2023","23.11.2026","2459932026,89","0","51-0000000000000",,"138","111","26","23.11.2022","56-00211В/21","7118","NullИлиПусто"
"1502","29","1058862","ПАО РОССЕТИ СЕВЕРО-ЗАПАД","7802312751","56-00212В/21","23.11.2022","7443",,"23.01.2023","23.11.2026","1714262367,64","0","51-0000000000000",,"138","112","26","23.11.2022","56-00212В/21","7443","NullИлиПусто"
"1503","29","1058895","ПАО РОССЕТИ","4716016979","ГП000574","26.07.2019","110661",,"10.10.2024","31.12.2024","2584832,25","0","767502",,"138","113","26","26.07.2019","ГП000574","110661","NullИлиПусто"
"1504","29","1060541","ГУП ВОДОКАНАЛ САНКТ-ПЕТЕРБУРГА","7830000426","301492/22-ВС","13.12.2022","39094",,"17.03.2023","28.02.2027","163094,8","0","01/23/00498",,"138","114","26","13.12.2022","301492/22-ВС","39094","NullИлиПусто"
"1505","29","1060541","ГУП ВОДОКАНАЛ САНКТ-ПЕТЕРБУРГА","7830000426","301492/22-ВО","13.12.2022","39263",,"17.03.2023","28.02.2026","491,36","0","01/23/00499",,"138","115","26","13.12.2022","301492/22-ВО","39263","NullИлиПусто"
"1506","29","1060541","ГУП ВОДОКАНАЛ САНКТ-ПЕТЕРБУРГА","7830000426","301492/22-ВО","13.12.2022","661",,"10.01.2023","28.02.2026","343,95","0","01/23/00001",,"138","116","26","13.12.2022","301492/22-ВО","661","NullИлиПусто"
"1507","29","1060541","ГУП ВОДОКАНАЛ САНКТ-ПЕТЕРБУРГА","7830000426","301492/22-ВС","13.12.2022","662",,"10.01.2023","28.02.2027","114166,36","0","01/23/00002",,"138","117","26","13.12.2022","301492/22-ВС","662","NullИлиПусто"
"1508","29","1060551","ПАО РОССЕТИ ЛЕНЭНЕРГО","7803002209","24-010730-100-032","09.10.2024","114052",,"18.10.2024","31.12.2027","299206750","0","20241021/00001/6",,"138","118","26","09.10.2024","24-010730-100-032","114052","NullИлиПусто"
"1509","29","1060551","ПАО РОССЕТИ ЛЕНЭНЕРГО","7803002209","22-102089-100-046","22.11.2022","26003",,"14.02.2023","31.12.2024","17563639,01","0",,,"138","119","26","22.11.2022","22-102089-100-046","26003","NullИлиПусто"
"1510","29","1060551","ПАО РОССЕТИ ЛЕНЭНЕРГО","7803002209","22-002152-101-142","18.03.2022","34520",,"31.03.2022","31.12.2024","35035,73","0","А13039",,"138","120","26","18.03.2022","22-002152-101-142","34520","NullИлиПусто"
"1511","29","1060551","ПАО РОССЕТИ ЛЕНЭНЕРГО","7803002209","22-002152-101-142","18.03.2022","39335",,"17.03.2023","31.12.2024","46714,3","0",,,"138","121","26","18.03.2022","22-002152-101-142","39335","NullИлиПусто"
"1512","29","1060551","ПАО РОССЕТИ ЛЕНЭНЕРГО","7803002209","24-008227-100-146","24.04.2024","61210",,"07.06.2024","24.04.2026","4084639,46","0","20240611/00001/4",,"138","122","26","24.04.2024","24-008227-100-146","61210","NullИлиПусто"
"1513","29","1060551","ПАО РОССЕТИ ЛЕНЭНЕРГО","7803002209","24-008227-100-146","24.04.2024","61211",,"07.06.2024","24.04.2026","12253918,38","0","20240611/00002/4",,"138","123","26","24.04.2024","24-008227-100-146","61211","NullИлиПусто"
"1514","29","1060551","ПАО РОССЕТИ ЛЕНЭНЕРГО","7803002209","22-002152-101-142","18.03.2022","76366",,"11.08.2022","31.12.2024","35035,73","0","20220812/00001/6",,"138","124","26","18.03.2022","22-002152-101-142","76366","NullИлиПусто"
"1515","29","1060551","ПАО РОССЕТИ ЛЕНЭНЕРГО","7803002209","23044528-100-147","29.09.2023","9240",,"11.10.2023","29.09.2025","53759277,17","0",,,"138","125","26","29.09.2023","23044528-100-147","9240","NullИлиПусто"
"1516","29","1060645","ПАО РОССЕТИ ВОЛГА","6450925977","2440-007746","26.12.2024","142244",,"17.12.2024","31.12.2025","17067569,81","0",,,"138","126","26","26.12.2024","2440-007746","142244","NullИлиПусто"
"1517","29","1060645","ПАО РОССЕТИ ВОЛГА","6450925977","2469-005127","28.08.2024","98048",,"05.09.2024","30.09.2025","62388,59","0","24090690043/6462",,"138","127","26","28.08.2024","2469-005127","98048","NullИлиПусто"
"1518","29","1060645","ПАО РОССЕТИ ВОЛГА","6450925977","2469-005127","28.08.2024","98049",,"05.09.2024","30.09.2025","187165,77","0",,,"138","128","26","28.08.2024","2469-005127","98049","NullИлиПусто"
"1519","29","1060768"," ФИЛИАЛ ПАО ""РОССЕТИ ЦЕНТР"" - ""СМОЛЕНСКЭНЕРГО""","6901067107","42466595","19.01.2024","11433",,"26.01.2024","31.12.2024","14518","0",,,"138","129","26","19.01.2024","42466595","11433","NullИлиПусто"
"1520","29","1064367"," ВОЛОГОДСКИЙ ФИЛИАЛ ПАО ""РОССЕТИ СЕВЕРО-ЗАПАД""","7802312751","26-02989К/16","26.07.2016","Соглашение № б/н",,"15.10.2017","31.12.2024","550","0","ДДЗ (ГИ)",,"138","130","26","26.07.2016","26-02989К/16","Соглашение № б/н","NullИлиПусто"
"1521","29","1064367"," ВОЛОГОДСКИЙ ФИЛИАЛ ПАО ""РОССЕТИ СЕВЕРО-ЗАПАД""","7802312751","26-02991К/16","26.07.2016","Соглашение № б/н",,"15.10.2017","31.12.2024","6488,82","0","ДДЗ (ГИ)",,"138","131","26","26.07.2016","26-02991К/16","Соглашение № б/н","NullИлиПусто"
"1522","29","1065299"," ФИЛИАЛ ПАО ""РОССЕТИ ЦЕНТР И ПРИВОЛЖЬЕ""-""ТУЛЭНЕРГО""","5260200603","112/1200",,"93017",,"28.09.2022","30.06.2025","384135,89","0",,,"138","132","26","01.01.1900","112/1200","93017","NullИлиПусто"
"1523","29","1069815"," ФИЛИАЛ ПАО ""РОССЕТИ ЮГ"" - ""РОСТОВЭНЕРГО""","6164266561","398621","21.03.2023","39030",,"17.03.2023","31.12.2025","740384,99","0","612/0000004874",,"138","133","26","21.03.2023","398621","39030","NullИлиПусто"
"1524","29","1069815"," ФИЛИАЛ ПАО ""РОССЕТИ ЮГ"" - ""РОСТОВЭНЕРГО""","6164266561","468663","18.07.2024","73598",,"16.07.2024","31.12.2024","1323652,36","0",,,"138","134","26","18.07.2024","468663","73598","NullИлиПусто"
"1525","29","1086721","АО ИЭСК","3812122706","248/23-CЭС","07.09.2023","139918",,"21.11.2023","31.12.2024","13828,15","0",,,"138","135","26","07.09.2023","248/23-CЭС","139918","NullИлиПусто"
"1526","29","1086721","АО ИЭСК","3812122706","290/21-СЭС","21.12.2021","3925",,"18.01.2022","31.12.2025","186937961,88","0","А1/203",,"138","136","26","21.12.2021","290/21-СЭС","3925","NullИлиПусто"
"1527","29","1086721","АО ИЭСК","3812122706","500/24-СЭС","09.07.2024","83051",,"30.07.2024","09.08.2026","661109364,18","0",,,"138","137","26","09.07.2024","500/24-СЭС","83051","NullИлиПусто"
"1528","29","1086721","АО ИЭСК","3812122706","500/22-ИЭСК","30.12.2022","8767",,"26.01.2023","31.12.2025","12916666,67","0",,,"138","138","26","30.12.2022","500/22-ИЭСК","8767","NullИлиПусто"
"1529","29","1086721","АО ИЭСК","3812122706","65/23-СЭС","28.07.2023","97844",,"16.08.2023","31.12.2025","301120990,77","0","А896/203",,"138","139","26","28.07.2023","65/23-СЭС","97844","NullИлиПусто"
"1530","29","1105806","ПАО РОССЕТИ ЮГ","6164266561","34002401000874","01.07.2024","110277",,"10.10.2024","31.12.2024","1390045,77","0",,,"138","140","26","01.07.2024","34002401000874","110277","NullИлиПусто"
"1531","29","1124674","ПАО РОССЕТИ СЕВЕРНЫЙ КАВКАЗ","2632082033","44683/2023/СТВ/НЭС/И","08.09.2023","112933",,"20.09.2023","30.06.2025","637000,11","0",,,"138","141","26","08.09.2023","44683/2023/СТВ/НЭС/И","112933","NullИлиПусто"
"1532","29","1124674","ПАО РОССЕТИ СЕВЕРНЫЙ КАВКАЗ","2632082033","51097/2024/СТВ/ЗЭС/Ш","16.07.2024","70645",,"11.07.2024","31.12.2024","306903,17","0",,,"138","142","26","16.07.2024","51097/2024/СТВ/ЗЭС/Ш","70645","NullИлиПусто"
"1533","29","1153379","ООО АЭС ИНВЕСТ","7453169760","7097/12","09.10.2015","44467",,"20.11.2015","31.12.2024","5527","0","А0000001776",,"138","143","26","09.10.2015","7097/12","44467","NullИлиПусто"
"1534","29","1153379","ООО АЭС ИНВЕСТ","7453169760","7098/12","09.10.2015","44468",,"20.11.2015","31.12.2024","5527","0","А0000001775",,"138","144","26","09.10.2015","7098/12","44468","NullИлиПусто"
"1535","29","1153379","ООО АЭС ИНВЕСТ","7453169760","7097/12","09.10.2015","46149",,"26.11.2015","31.12.2024","0,08","0","А0000001777",,"138","145","26","09.10.2015","7097/12","46149","NullИлиПусто"
"1536","29","1153379","ООО АЭС ИНВЕСТ","7453169760","7098/12","09.10.2015","46152",,"26.11.2015","31.12.2024","0,08","0","А0000001778",,"138","146","26","09.10.2015","7098/12","46152","NullИлиПусто"
"1537","29","1226124"," ФИЛИАЛ АО ""ДОНЭНЕРГО"" ЗМЭС","6163089292","158",,"72201",,"12.07.2024","31.12.2024","41511,61","0",,,"138","147","26","01.01.1900","158","72201","NullИлиПусто"
"1538","29","1226124"," ФИЛИАЛ АО ""ДОНЭНЕРГО"" ЗМЭС","6163089292","158               03","08.12.2011","Соглашение №2",,"15.08.2017","31.12.2024","1558123,74","0",,,"138","148","26","08.12.2011","158               03","Соглашение №2","NullИлиПусто"
"1539","29","1226148","АО ТУЙМАЗЫГОРЭЛЕКТРОСЕТИ","269023967","18/201","20.12.2018","23059",,"27.12.2018","23.12.2020","4982,18","4982,18",,,"138","149","26","20.12.2018","18/201","23059","NullИлиПусто"
"1540","29","1243336","АО МОСОБЛГАЗ","5032292612","08/13 495-4115-2021-","21.03.2022","165612",,"27.12.2023","31.12.2024","18905970,49","0",,,"138","150","26","21.03.2022","08/13 495-4115-2021-","165612","NullИлиПусто"
"1541","29","1277169"," ЧЕРНОМОРО-АЗОВСКОЕ МОРСКОЕ УПРАВЛЕНИЕ РОСПРИРОДНАДЗОРА","2315984143","00СО-000182","15.11.2024","133593",,"27.11.2024","31.01.2025","289010,58","0",,,"138","151","26","15.11.2024","00СО-000182","133593","NullИлиПусто"
"1542","29","1277169"," ЧЕРНОМОРО-АЗОВСКОЕ МОРСКОЕ УПРАВЛЕНИЕ РОСПРИРОДНАДЗОРА","2315984143","00СО-000182","15.11.2024","133594",,"27.11.2024","31.01.2025","54189,42","0",,,"138","152","26","15.11.2024","00СО-000182","133594","NullИлиПусто"
"1543","29","1278969","ООО ЭЛЕКТРОСЕТИ","7024035693","2021-02-20-01","22.07.2021","6572",,"31.08.2021","31.08.2024","458,33","458,33","686",,"138","153","26","22.07.2021","2021-02-20-01","6572","NullИлиПусто"
"1544","29","1278969","ООО ЭЛЕКТРОСЕТИ","7024035693","2021-04-08-01","25.10.2021","9383",,"25.10.2021","25.10.2024","12232,03","12232,03","1045",,"138","154","26","25.10.2021","2021-04-08-01","9383","NullИлиПусто"
"1545","29","1406801"," ФИЛИАЛ ПАО ""РОССЕТИ СЕВЕРНЫЙ КАВКАЗ"" - ""ДАГЭНЕРГО""","2632082033","53897/2024/ДЭ/СЕВРЭС","27.02.2024","26275",,"27.02.2024","31.12.2024","405848,21","0",,,"138","155","26","27.02.2024","53897/2024/ДЭ/СЕВРЭС","26275","NullИлиПусто"
"1546","29","1406801"," ФИЛИАЛ ПАО ""РОССЕТИ СЕВЕРНЫЙ КАВКАЗ"" - ""ДАГЭНЕРГО""","2632082033","53200/2023/ДЭ/ХАСАРЭ","11.03.2024","29314",,"07.03.2024","31.12.2024","19429,09","0",,,"138","156","26","11.03.2024","53200/2023/ДЭ/ХАСАРЭ","29314","NullИлиПусто"
"1547","29","1406801"," ФИЛИАЛ ПАО ""РОССЕТИ СЕВЕРНЫЙ КАВКАЗ"" - ""ДАГЭНЕРГО""","2632082033","53204/2023/ДЭ/ХАСАРЭ","11.03.2024","31110",,"07.03.2024","31.12.2024","19429,09","0",,,"138","157","26","11.03.2024","53204/2023/ДЭ/ХАСАРЭ","31110","NullИлиПусто"
"1548","29","1406801"," ФИЛИАЛ ПАО ""РОССЕТИ СЕВЕРНЫЙ КАВКАЗ"" - ""ДАГЭНЕРГО""","2632082033","53362/2023/ДЭ/СЕВРЭС","09.01.2024","7051",,"23.01.2024","31.12.2024","19429,09","0",,,"138","158","26","09.01.2024","53362/2023/ДЭ/СЕВРЭС","7051","NullИлиПусто"
